query_hist,current_time,memory_type,memory_subtype,content,place,related_person,start_time_has_hour,start_time_not_right,start_time,end_time,remind_time,is_repeat_time,repeat_freq,repeat_value,repeat_last_time,start_date_chinese,start_time_chinese,end_date_chinese,end_time_chinese,remind_date_chinese,remind_time_chinese
明天下午3点要跟客户开视频会议,`2025-06-27 13:58:28,日程,会议,跟客户开视频会议,,客户,是,0,`2025-06-28 15:00:00,,,否,,,,明天,下午3点,,,,
后天早上记得提醒我交电费,`2025-06-27 13:58:28,待办,生活,交电费,,,否,1,,,,否,,,,后天,早上,,,后天,早上
周五晚上7点姐妹聚餐别忘了,`2025-06-27 13:58:28,日程,约见,姐妹聚餐,,姐妹,是,0,`2025-06-27 19:00:00,,,否,,,,周五,晚上7点,,,,
下周二上午10点预约了牙医,`2025-06-27 13:58:28,日程,就医,预约了牙医,,,是,0,`2025-07-01 10:00:00,,,否,,,,下周二,上午10点,,,,
记一下每周三晚上8点要上网课,`2025-06-27 13:58:28,日程,学习,上网课,,,是,0,`2025-07-02 20:00:00,,,是,周,3,,每周三,晚上8点,,,,
双十一提醒我买猫粮,`2025-06-27 13:58:28,待办,购物,买猫粮,,,否,1,,,,否,,,,,,,,双十一,
周六早上8点叫我起床跑步,`2025-06-27 13:58:28,待办,习惯,叫我起床跑步,,,是,0,`2025-06-28 08:00:00,,,否,,,,周六,早上8点,,,,
下个月5号要交房租记得提醒我,`2025-06-27 13:58:28,待办,生活,交房租,,,否,1,,,,否,,,,下个月5号,,,,下个月5号,
每周五下午4点要提交周报,`2025-06-27 13:58:28,待办,工作,提交周报,,,是,0,`2025-06-27 16:00:00,,,是,周,5,,每周五,下午4点,,,,
元旦假期提醒我订回家的票,`2025-06-27 13:58:28,待办,出行,订回家的票,,,否,1,,,,否,,,,元旦假期,,,,元旦假期,
中午12点约了王总在星巴克谈项目，记得提醒我,`2025-06-27 13:58:28,日程,约见,谈项目,星巴克,王总,是,0,`2025-06-28 12:00:00,,`2025-06-28 12:00:00,否,,,,,中午12点,,,,中午12点
周五晚上7点健身房私教课别忘了,`2025-06-27 13:58:28,日程,学习,健身房私教课,,,是,0,`2025-06-27 19:00:00,,,否,,,,周五,晚上7点,,,,
下周一早上9点部门例会，帮我加进日程,`2025-06-27 13:58:28,日程,会议,部门例会,,,是,0,`2025-06-30 09:00:00,,,否,,,,下周一,早上9点,,,,
这周六下午3点记得提醒我去接孩子放学,`2025-06-27 13:58:28,待办,家庭,去接孩子放学,,孩子,是,0,`2025-06-28 15:00:00,,`2025-06-28 15:00:00,否,,,,这周六,下午3点,,,这周六,下午3点
帮我记一下每个月5号还房贷,`2025-06-27 13:58:28,待办,生活,还房贷,,,否,1,,,,是,月,5,,每月5日,,,,,
周三2点半有个线上培训，别让我迟到,`2025-06-27 13:58:28,日程,学习,线上培训,,,是,0,`2025-07-02 02:30:00,,,否,,,,周三,2点半,,,,
双十一晚上8点提醒我抢购,`2025-06-27 13:58:28,待办,购物,抢购,,,是,0,`2025-06-27 20:00:00,,`2025-11-11 20:00:00,否,,,,,晚上8点,,,双十一,晚上8点
下个月15号是老婆生日，提前一天提醒我买礼物,`2025-06-27 13:58:28,待办,家庭,买礼物,,老婆,否,1,,,,否,,,,下个月15号,,,,下个月14号,
每周三晚上8点记得提醒我倒垃圾,`2025-06-27 13:58:28,待办,生活,倒垃圾,,,是,0,`2025-06-27 20:00:00,,`2025-06-27 20:00:00,是,周,3,,,晚上8点,,,每周三,晚上8点
医生约了这周四上午10点复查，帮我记着,`2025-06-27 13:58:28,日程,就医,复查,,医生,是,0,`2025-06-26 10:00:00,,,否,,,,这周四,上午10点,,,,
明天上午10点有个部门会议别忘了提醒我,`2025-06-27 13:58:28,日程,会议,部门会议,,,是,0,`2025-06-28 10:00:00,,`2025-06-28 10:00:00,否,,,,明天,上午10点,,,明天,上午10点
记得提醒我周五晚上7点要跟客户视频通话,`2025-06-27 13:58:28,待办,工作,跟客户视频通话,,客户,是,0,`2025-06-27 19:00:00,,`2025-06-27 19:00:00,否,,,,周五,晚上7点,,,周五,晚上7点
下周三早上9点记得叫我起床,`2025-06-27 13:58:28,待办,习惯,叫我起床,,,是,0,`2025-07-02 09:00:00,,`2025-07-02 09:00:00,否,,,,下周三,早上9点,,,下周三,早上9点
帮我记录下周六下午3点要去健身房,`2025-06-27 13:58:28,日程,运动,去健身房,,,是,0,`2025-07-05 15:00:00,,,否,,,,下周六,下午3点,,,,
双十一晚上8点有预售活动记得提醒我抢购,`2025-06-27 13:58:28,待办,购物,双十一晚上8点有预售活动,,,是,0,`2025-11-11 20:00:00,,`2025-11-11 20:00:00,否,,,,双十一,晚上8点,,,双十一,晚上8点
下个月5号是我妈生日要提前准备礼物,`2025-06-27 13:58:28,待办,家庭,我妈生日要提前准备礼物,,我妈,否,1,,,,否,,,,下个月5号,,,,,
每周二和周四晚上8点提醒我上网课,`2025-06-27 13:58:28,待办,学习,上网课,,,是,0,`2025-06-27 20:00:00,,`2025-06-27 20:00:00,是,周,"2,4",,,晚上8点,,,,晚上8点
每天早上7点半的闹钟别忘了设置,`2025-06-27 13:58:28,待办,健康,设置闹钟,,,是,0,`2025-06-28 07:30:00,,,是,日,1,,,早上7点半,,,,
帮我记着每个月15号还房贷,`2025-06-27 13:58:28,待办,健康,还房贷,,,否,1,,,,是,月,15,,每个月15号,,,,,
这周五中午12点和同事聚餐别迟到了,`2025-06-27 13:58:28,日程,约见,和同事聚餐,,同事,是,0,`2025-06-27 12:00:00,,,否,,,,这周五,中午12点,,,,
明天早上9点要交周报，记得提前半小时写完检查,`2025-06-27 13:58:28,待办,工作,交周报,,,是,0,`2025-06-28 09:00:00,,`2025-06-28 08:30:00,否,,,,明天,早上9点,,,明天,早上8点半
周三下午3点约了牙医洗牙，大概一小时,`2025-06-27 13:58:28,日程,就医,约了牙医洗牙,,牙医,是,0,`2025-07-02 15:00:00,`2025-07-02 16:00:00,,否,,,,周三,下午3点,周三,下午4点,,
这周六上午10点要去健身房上私教课,`2025-06-27 13:58:28,日程,运动,去健身房上私教课,,,是,0,`2025-06-28 10:00:00,,,否,,,,这周六,上午10点,,,,
下周一团队要聚餐，晚上7点在海底捞,`2025-06-27 13:58:28,日程,应酬,团队聚餐,海底捞,团队,是,0,`2025-06-30 19:00:00,,,否,,,,下周一,晚上7点,,,,
记得提醒我每天下午4点喝杯水休息下眼睛,`2025-06-27 13:58:28,待办,健康,喝杯水休息下眼睛,,,是,0,`2025-06-27 16:00:00,,`2025-06-27 16:00:00,是,日,1,,,下午4点,,,,
周五下班前要提交季度总结给领导,`2025-06-27 13:58:28,待办,工作,提交季度总结,,领导,否,1,,,,否,,,,周五,,,,,
周六下午2点带儿子去上钢琴课,`2025-06-27 13:58:28,日程,学习,带儿子去上钢琴课,,儿子,是,0,`2025-06-28 14:00:00,,,否,,,,周六,下午2点,,,,
下周三是老妈生日，晚上要视频通话,`2025-06-27 13:58:28,日程,家庭,视频通话,,老妈,否,1,,,,否,,,,下周三,,,,,
每个月10号记得还信用卡账单,`2025-06-27 13:58:28,待办,财务,还信用卡账单,,,否,1,,,,是,月,10,,,,,,,
周四上午11点有个客户要来公司拜访,`2025-06-27 13:58:28,日程,应酬,客户来公司拜访,,客户,是,0,`2025-07-03 11:00:00,,,否,,,,周四,上午11点,,,,
明天早上9点有个晨会别忘了,`2025-06-27 13:58:28,日程,会议,晨会,,,是,0,`2025-06-28 09:00:00,,,否,,,,明天,早上9点,,,,
后天记得提醒我买生日礼物,`2025-06-27 13:58:28,待办,,买生日礼物,,,否,1,,,,否,,,,后天,,,,后天,
下周三下午3点预约了牙医,`2025-06-27 13:58:28,日程,就医,预约了牙医,,,是,0,`2025-07-02 15:00:00,,,否,,,,下周三,下午3点,,,,
这周五晚上7点跟老张吃饭,`2025-06-27 13:58:28,日程,约见,跟老张吃饭,,老张,是,0,`2025-06-27 19:00:00,,,否,,,,这周五,晚上7点,,,,
帮我记下每个月5号还信用卡,`2025-06-27 13:58:28,待办,健康,还信用卡,,,否,1,,,,是,月,5,,,,,,,
下个月1号交房租别忘了,`2025-06-27 13:58:28,待办,生活,交房租,,,否,1,,,,否,,,,下个月1号,,,,下个月1号,
每天晚上8点提醒我健身,`2025-06-27 13:58:28,待办,运动,健身,,,是,0,`2025-06-27 20:00:00,,`2025-06-27 20:00:00,是,日,1,,,晚上8点,,,,晚上8点
记得这周六上午10点去接孩子,`2025-06-27 13:58:28,日程,家庭,去接孩子,,孩子,是,0,`2025-06-28 10:00:00,,,否,,,,这周六,上午10点,,,,
下周天下午2点有个线上会议,`2025-06-27 13:58:28,日程,会议,线上会议,,,是,0,`2025-07-06 14:00:00,,,否,,,,下周天,下午2点,,,,
周三早上记得把垃圾带出去,`2025-06-27 13:58:28,待办,,把垃圾带出去,,,否,1,,,,否,,,,周三,早上,,,,
周二早上记得帮我预约理发店,`2025-06-27 13:58:28,待办,生活,预约理发店,,,是,0,`2025-06-27 08:00:00,,,否,,,,,周二早上,,,,
周四下班前把周报发给主管,`2025-06-27 13:58:28,待办,工作,把周报发给主管,,主管,否,1,,,,否,,,,周四,,,,,
下周一带客户参观记得准备资料,`2025-06-27 13:58:28,待办,工作,带客户参观,,客户,否,1,,,,否,,,,,,,,,
这周五晚上七点闺蜜生日聚餐,`2025-06-27 13:58:28,日程,约见,闺蜜生日聚餐,,闺蜜,是,0,`2025-06-27 19:00:00,,,否,,,,这周五,晚上七点,,,,
周六上午十点健身私教课别忘了,`2025-06-27 13:58:28,日程,运动,健身私教课,,,是,0,`2025-06-28 10:00:00,,,否,,,,周六,上午十点,,,,
下个月15号要交房租了提醒我,`2025-06-27 13:58:28,待办,生活,交房租,,,否,1,,,,否,,,,下个月15号,,,,下个月15号,
后天记得去宠物医院给猫咪打疫苗,`2025-06-27 13:58:28,待办,健康,去宠物医院给猫咪打疫苗,,,否,1,,,,否,,,,后天,,,,后天,
大后天早上有个视频会议提前准备,`2025-06-27 13:58:28,日程,会议,视频会议,,,否,1,,,,否,,,,大后天,早上,,,,
记得提醒我每周末给妈妈打电话,`2025-06-27 13:58:28,待办,家庭,给妈妈打电话,,妈妈,否,1,,,,是,周,"6,7",,,,,,,
下周三要给同事准备生日礼物,`2025-06-27 13:58:28,待办,礼物,给同事准备生日礼物,,同事,否,1,,,,否,,,,,,,,,
明天下午3点和小王在星巴克讨论项目进度,`2025-06-27 13:58:28,日程,约见,和小王讨论项目进度,星巴克,小王,是,0,`2025-06-28 15:00:00,,,否,,,,明天,下午3点,,,,
周五晚上7点半记得给老妈打电话祝生日快乐,`2025-06-27 13:58:28,待办,,给老妈打电话祝生日快乐,,老妈,是,0,`2025-06-27 19:30:00,,`2025-06-27 19:30:00,否,,,,周五,晚上7点半,,,周五,晚上7点半
下周二上午10点部门季度会议别迟到,`2025-06-27 13:58:28,日程,会议,部门季度会议,,,是,0,`2025-07-01 10:00:00,,,否,,,,下周二,上午10点,,,,
这周六2点要去健身房上私教课,`2025-06-27 13:58:28,日程,运动,去健身房上私教课,,,是,0,`2025-06-28 14:00:00,,,否,,,,这周六,2点,,,,
记得这周日买猫粮和猫砂  ,`2025-06-27 13:58:28,待办,购物,买猫粮和猫砂,,,否,1,,,,否,,,,这周日,,,,,
周四中午12点和张总在粤菜馆约饭,`2025-06-27 13:58:28,日程,约见,和张总在粤菜馆约饭,粤菜馆,张总,是,0,`2025-07-03 12:00:00,,,否,,,,周四,中午12点,,,,
每天早上8点提醒我吃维生素,`2025-06-27 13:58:28,待办,健康,吃维生素,,,是,0,`2025-06-28 08:00:00,,`2025-06-28 08:00:00,是,日,1,,,早上8点,,,,早上8点
下个月5号交房租别忘记,`2025-06-27 13:58:28,待办,生活,交房租,,,否,1,,,,否,,,,下个月5号,,,,,
15号发工资后记得还信用卡,`2025-06-27 13:58:28,待办,财务,还信用卡,,,否,1,,,,否,,,,15号,,,,,
晚上9点准时看新更的电视剧,`2025-06-27 13:58:28,日程,娱乐,看新更的电视剧,,,是,0,`2025-06-27 21:00:00,,,否,,,,,晚上9点,,,,
明天早上9点要开部门例会，提前15分钟提醒我,`2025-06-27 13:58:28,日程,会议,开部门例会,,,是,0,`2025-06-28 09:00:00,,`2025-06-28 08:45:00,否,,,,明天,早上9点,,,明天,早上8点45分
后天中午12点和刘总在星巴克谈项目，帮我记一下,`2025-06-27 13:58:28,日程,约见,和刘总谈项目,星巴克,刘总,是,0,`2025-06-29 12:00:00,,,否,,,,后天,中午12点,,,,
下周三晚上7点要看牙医，提前1小时提醒我,`2025-06-27 13:58:28,日程,就医,看牙医,,,是,0,`2025-07-02 19:00:00,,`2025-07-02 18:00:00,否,,,,下周三,晚上7点,,,下周三,晚上6点
周五下午3点有个线上培训，帮我设置个提醒,`2025-06-27 13:58:28,日程,学习,线上培训,,,是,0,`2025-06-27 15:00:00,,`2025-06-27 15:00:00,否,,,,周五,下午3点,,,周五,下午3点
大后天早上8点要交季度报告，千万别忘了提醒我,`2025-06-27 13:58:28,待办,工作,交季度报告,,,是,0,`2025-06-29 08:00:00,,`2025-06-29 08:00:00,否,,,,大后天,早上8点,,,大后天,早上8点
周六中午11点半约了王姐吃饭，帮我记着点,`2025-06-27 13:58:28,日程,约见,约王姐吃饭,,王姐,是,0,`2025-06-28 11:30:00,,,否,,,,周六,中午11点半,,,,
下个月5号要交房租，提前3天提醒我转钱,`2025-06-27 13:58:28,待办,生活,交房租,,,否,1,,,,否,,,,下个月5号,,,,下个月5号,提前3天
每周二晚上8点有瑜伽课，设置个每周重复提醒,`2025-06-27 13:58:28,待办,运动,瑜伽课,,,是,0,`2025-06-27 20:00:00,,`2025-06-27 20:00:00,是,周,2,,,晚上8点,,,,晚上8点
10月20号是我妈生日，当天早上9点提醒我打电话,`2025-06-27 13:58:28,待办,家庭,打电话,,我妈,是,0,`2025-10-20 09:00:00,,`2025-10-20 09:00:00,否,,,,10月20号,早上9点,,,10月20号,早上9点
下周每天早晨7点都要晨跑，设个工作日重复闹钟,`2025-06-27 13:58:28,日程,运动,晨跑,,,是,0,`2025-06-28 07:00:00,`2025-06-30 07:00:00,,是,日,1,,,早晨7点,,,,
帮我记下后天上午10点跟客户视频会议，记得提前15分钟提醒我,`2025-06-27 13:58:28,日程,会议,跟客户视频会议,,客户,是,0,`2025-06-29 10:00:00,,`2025-06-29 09:45:00,否,,,,后天,上午10点,,,后天,上午9点45分
周五晚上7点半约了张总在CBD吃日料，别忘了订位,`2025-06-27 13:58:28,日程,约见,约张总在CBD吃日料,CBD,张总,是,0,`2025-06-27 19:30:00,,,否,,,,周五,晚上7点半,,,,
下周三整个下午都要去医院体检，帮我空出来别安排其他事,`2025-06-27 13:58:28,日程,就医,去医院体检,,,否,1,,,,否,,,,下周三,下午,下周三,下午,,
这周六早上9点陪儿子去上钢琴课，记得提醒我带琴谱,`2025-06-27 13:58:28,日程,家庭,陪儿子去上钢琴课,,儿子,是,0,`2025-06-28 09:00:00,,`2025-06-28 09:00:00,否,,,,这周六,早上9点,,,这周六,早上9点
周一上班前提醒我带上要给李总监的合同文件,`2025-06-27 13:58:28,待办,工作,带上要给李总监的合同文件,,李总监,否,1,,,,否,,,,周一,,,,周一,上班前
每周三晚上8点固定有瑜伽课，帮我设置成每周重复提醒,`2025-06-27 13:58:28,日程,运动,瑜伽课,,,是,0,`2025-06-27 20:00:00,,,是,周,3,,每周三,晚上8点,,,,
下个月5号是老妈生日，提前一周提醒我买礼物,`2025-06-27 13:58:28,待办,家庭,买礼物,,老妈,否,1,,,,否,,,,下个月5号,,,,下个月5号提前一周,
这周五下班前要交季度报告，设个下午4点的提醒,`2025-06-27 13:58:28,待办,工作,交季度报告,,,是,0,`2025-06-27 16:00:00,,`2025-06-27 16:00:00,否,,,,,下午4点,,,这周五,下午4点
帮我记下大后天下午2点-4点要去浦东机场接客户,`2025-06-27 13:58:28,日程,约见,去浦东机场接客户,浦东机场,客户,是,0,`2025-06-29 14:00:00,`2025-06-29 16:00:00,,否,,,,大后天,下午2点,大后天,下午4点,,
每个月28号还房贷，设置个每月自动提醒,`2025-06-27 13:58:28,待办,健康,还房贷,,,否,1,,,,是,月,28,,,,,,,
帮我记一下周五晚上7点要和朋友聚餐,`2025-06-27 13:58:28,日程,约见,和朋友聚餐,,朋友,是,0,`2025-06-27 19:00:00,,,否,,,,周五,晚上7点,,,,
下周一下午三点别忘了预约牙医,`2025-06-27 13:58:28,待办,健康,预约牙医,,,是,0,`2025-06-27 15:00:00,,`2025-07-01 15:00:00,否,,,,,下周一下午3点,,,下周一,下午3点
记得提醒我周六上午去拿干洗的衣服,`2025-06-27 13:58:28,待办,生活,去拿干洗的衣服,,,否,1,,,,否,,,,周六,上午,,,周六,上午
双十一零点记得抢购那个空气炸锅,`2025-06-27 13:58:28,待办,购物,抢购空气炸锅,,,是,0,`2025-11-11 00:00:00,,`2025-11-11 00:00:00,否,,,,双十一,零点,,,双十一,零点
下个月5号是老婆生日要买礼物和订餐厅,`2025-06-27 13:58:28,日程,约见,买礼物和订餐厅,,老婆,否,1,,,,否,,,,下个月5号,,,,,
这周日记得给妈妈打电话祝她生日快乐,`2025-06-27 13:58:28,待办,家庭,给妈妈打电话祝她生日快乐,,妈妈,否,1,,,,否,,,,这周日,,,,这周日,
提醒我每天晚上8点要遛狗,`2025-06-27 13:58:28,待办,习惯,要遛狗,,,是,0,`2025-06-27 20:00:00,,`2025-06-27 20:00:00,是,日,1,,,晚上8点,,,,晚上8点
下周二交房租记得提前取现金,`2025-06-27 13:58:28,待办,生活,交房租,,,否,1,,,,否,,,,,,,,下周二,
帮我设置每个月15号还信用卡的提醒,`2025-06-27 13:58:28,待办,健康,还信用卡,,,否,1,,,,是,月,15,,每月15日,,,,每月15日,
明天下午三点记得提醒我交季度报告,`2025-06-27 13:58:28,待办,,交季度报告,,,是,0,`2025-06-28 15:00:00,,`2025-06-28 15:00:00,否,,,,明天,下午三点,,,明天,下午三点
下周三要开部门例会，提前15分钟通知我,`2025-06-27 13:58:28,日程,会议,开部门例会,,,否,1,,,,否,,,,下周三,,,,下周三,提前15分钟
这周六记得买妈妈的生日礼物,`2025-06-27 13:58:28,待办,购物,买妈妈的生日礼物,,妈妈,否,1,,,,否,,,,这周六,,,,这周六,
周五晚上7点有线上瑜伽课，帮我记一下,`2025-06-27 13:58:28,日程,运动,线上瑜伽课,,,是,0,`2025-06-27 19:00:00,,,否,,,,周五,晚上7点,,,,
11号发工资日，设置个提醒别忘还信用卡,`2025-06-27 13:58:28,待办,健康,发工资日，别忘还信用卡,,,否,1,,,,否,,,,11号,,,,11号,
老王下个月5号结婚，记下来别忘准备红包,`2025-06-27 13:58:28,备忘,生活,老王下个月5号结婚，准备红包,,老王,否,1,,,,否,,,,,,,,,
每个月25号提醒我交水电费,`2025-06-27 13:58:28,待办,健康,交水电费,,,否,1,,,,是,月,25,,每月25日,,,,每月25日,
下个月医生预约是15号上午10点,`2025-06-27 13:58:28,日程,就医,医生预约,,医生,是,0,`2025-07-15 10:00:00,,,否,,,,下个月15号,上午10点,,,,
帮我记着这周日要给植物浇水,`2025-06-27 13:58:28,待办,健康,给植物浇水,,,否,1,,,,否,,,,这周日,,,,,
周三早上9点有个视频面试，提前测试好设备,`2025-06-27 13:58:28,日程,应酬,视频面试,,,是,0,`2025-07-02 09:00:00,,,否,,,,周三,早上9点,,,,
帮我记一下明天下午3点要去医院复查牙齿,`2025-06-27 13:58:28,日程,就医,去医院复查牙齿,,,是,0,`2025-06-28 15:00:00,,,否,,,,明天,下午3点,,,,
周三晚上7点半记得提醒我瑜伽课,`2025-06-27 13:58:28,待办,运动,瑜伽课,,,是,0,`2025-06-27 19:30:00,,`2025-06-27 19:30:00,否,,,,,晚上7点半,,,周三,晚上7点半
周五早上9点和客户视频会议 大概1小时,`2025-06-27 13:58:28,日程,会议,和客户视频会议,,客户,是,0,`2025-06-27 09:00:00,`2025-06-27 10:00:00,,否,,,,周五,早上9点,周五,上午10点,,
下周六上午10点记得提醒我预约理发,`2025-06-27 13:58:28,待办,健康,预约理发,,,是,0,`2025-06-28 10:00:00,,`2025-07-05 10:00:00,否,,,,,上午10点,,,下周六,上午10点
这周日全天都要准备考试 帮我记录一下  ,`2025-06-27 13:58:28,日程,学习,准备考试,,,是,0,`2025-06-29 08:00:00,`2025-06-29 20:00:00,,否,,,,这周日,8点,这周日,20点,,
下个月5号上午10点要交房租 记得提醒我,`2025-06-27 13:58:28,待办,生活,交房租,,,是,0,`2025-07-05 10:00:00,,`2025-07-05 10:00:00,否,,,,下个月5号,上午10点,,,下个月5号,上午10点
每天晚上8点提醒我吃药,`2025-06-27 13:58:28,待办,健康,吃药,,,是,0,`2025-06-27 20:00:00,,`2025-06-27 20:00:00,是,日,1,,,晚上8点,,,,晚上8点
每周三下午4点有心理辅导 需要长期记录,`2025-06-27 13:58:28,日程,健康,心理辅导,,,是,0,`2025-06-27 16:00:00,`2025-06-27 17:00:00,,是,周,3,,,下午4点,,,,
帮我记着每个月15号还信用卡,`2025-06-27 13:58:28,待办,健康,还信用卡,,,否,1,,,,是,月,15,,,,,,,
下周二下午2点部门团建 地点在万象城,`2025-06-27 13:58:28,日程,应酬,部门团建,万象城,,是,0,`2025-07-01 14:00:00,,,否,,,,下周二,下午2点,,,,
后天下午三点有个部门例会要开,`2025-06-27 13:58:28,日程,会议,部门例会,,,是,0,`2025-06-29 15:00:00,,,否,,,,后天,下午三点,,,,
明天早上记得提醒我浇花,`2025-06-27 13:58:28,待办,健康,浇花,,,否,1,,,,否,,,,明天,早上,,,明天,早上
这周末约了老王吃饭别忘了,`2025-06-27 13:58:28,日程,约见,约老王吃饭,,老王,否,1,,,,否,,,,这周末,,,,,
下周三之前把报表发给领导,`2025-06-27 13:58:28,待办,工作,把报表发给领导,,领导,否,1,,,,否,,,,下周三,,,,,
周五晚上七点健身房私教课,`2025-06-27 13:58:28,日程,运动,健身房私教课,,,是,0,`2025-06-27 19:00:00,,,否,,,,周五,晚上七点,,,,
帮我记着每个月15号交水电费,`2025-06-27 13:58:28,待办,缴费,交水电费,,,否,1,,,,是,月,15,,每个月15号,,,,,
下个月8号是妈妈生日要买礼物,`2025-06-27 13:58:28,待办,家庭,买礼物,,妈妈,否,1,,,,否,,,,下个月8号,,,,,
这季度末之前完成客户回访,`2025-06-27 13:58:28,待办,工作,完成客户回访,,,否,1,,,,否,,,,,,,,,
每周二和周四晚上要上在线课程,`2025-06-27 13:58:28,日程,学习,上在线课程,,,否,1,,,,是,周,"2,4",,,晚上,,,,
下周一早上九点有个视频面试,`2025-06-27 13:58:28,日程,面试,视频面试,,,是,0,`2025-06-30 09:00:00,,,否,,,,下周一,早上九点,,,,
明天上午十点约了客户喝咖啡,`2025-06-27 13:58:28,日程,约见,约了客户喝咖啡,,客户,是,0,`2025-06-28 10:00:00,,,否,,,,明天,上午十点,,,,
下周一下午三点有个重要的体检别忘记,`2025-06-27 13:58:28,待办,健康,重要的体检,,,是,0,`2025-06-27 15:00:00,,`2025-06-30 15:00:00,否,,,,,下午3点,,,下周一,下午3点
记得提醒我周五交水电费,`2025-06-27 13:58:28,待办,,交水电费,,,否,1,,,,否,,,,周五,,,,周五,
帮我把下个月15号还款日记下来,`2025-06-27 13:58:28,待办,还款,还款,,,否,1,,,,否,,,,下个月15号,,,,,
这周日妈妈生日晚上要家庭聚餐,`2025-06-27 13:58:28,日程,家庭,妈妈生日晚上要家庭聚餐,,妈妈,否,1,,,,否,,,,这周日,晚上,,,,
周三早上九点部门例会提前通知我,`2025-06-27 13:58:28,日程,会议,部门例会,,,是,0,`2025-07-02 09:00:00,,,否,,,,周三,早上九点,,,,
双十一当天凌晨记得提醒我抢购,`2025-06-27 13:58:28,待办,购物,抢购,,,否,1,,,,否,,,,双十一当天,凌晨,,,双十一当天,凌晨
每月10号还房贷别忘了记,`2025-06-27 13:58:28,待办,财务,还房贷,,,否,1,,,,是,月,10,,,,,,,
后天下午四点跟健身教练约了私教课,`2025-06-27 13:58:28,日程,运动,跟健身教练约了私教课,,健身教练,是,0,`2025-06-29 16:00:00,,,否,,,,后天,下午四点,,,,
下周六闺蜜婚礼得提前空出时间,`2025-06-27 13:58:28,日程,应酬,闺蜜婚礼,,闺蜜,否,1,,,,否,,,,,,,,,
明天下午三点要和客户视频会议，记得提醒我提前测试设备,`2025-06-27 13:58:28,日程,会议,和客户视频会议,,客户,是,0,`2025-06-28 15:00:00,,`2025-06-28 15:00:00,否,,,,明天,下午三点,,,明天,下午三点
下周三整个上午都要去医院体检，别安排其他事,`2025-06-27 13:58:28,日程,就医,去医院体检,,,否,1,,,,否,,,,下周三,上午,下周三,,,
周五晚上7点约了老王吃饭，地点还没定，先记着,`2025-06-27 13:58:28,日程,约见,约老王吃饭,,老王,是,0,`2025-06-27 19:00:00,,,否,,,,周五,晚上7点,,,,
周六上午10点健身私教课，千万别忘了带运动毛巾,`2025-06-27 13:58:28,日程,运动,健身私教课,,,是,0,`2025-06-28 10:00:00,,,否,,,,周六,上午10点,,,,
下个月8号是妈妈生日，提前一周提醒我买礼物,`2025-06-27 13:58:28,待办,家庭,买礼物,,妈妈,否,1,,,,否,,,,下个月8号,,,,下个月1号,
帮我记下每个月15号交水电费，设置长期提醒,`2025-06-27 13:58:28,待办,健康,交水电费,,,否,1,,,,是,月,15,,每个月15号,,,,每个月15号,
这周末大扫除，周六周日各抽出两小时整理房间,`2025-06-27 13:58:28,日程,家庭,大扫除,,,否,1,,,,否,,,,这周末,,这周末,,,
下周二提交季度报告，提前两天提醒我开始准备,`2025-06-27 13:58:28,待办,工作,提交季度报告,,,否,1,,,,否,,,,下周二,,,,下周日,
记一下每周三晚上8点的线上瑜伽课,`2025-06-27 13:58:28,日程,运动,线上瑜伽课,,,是,0,`2025-06-27 20:00:00,,,是,周,3,,每周三,晚上8点,,,,
每天早上9点提醒我吃药，持续到月底,`2025-06-27 13:58:28,待办,健康,吃药,,,是,0,`2025-06-27 09:00:00,`2025-07-31 20:00:00,`2025-06-27 09:00:00,是,日,1,2025-07-31 20:00:00,每天早上,9点,月底,,每天早上,9点
明天下午3点有个牙医预约,`2025-06-27 13:58:28,日程,就医,牙医预约,,,是,0,`2025-06-28 15:00:00,,,否,,,,明天,下午3点,,,,
周五晚上记得订生日蛋糕,`2025-06-27 13:58:28,待办,生活,订生日蛋糕,,,否,1,,,,否,,,,周五晚上,晚上,,,周五,晚上
下周三交水电费,`2025-06-27 13:58:28,待办,生活,交水电费,,,否,1,,,,否,,,,下周三,,,,,
月底提醒我还信用卡,`2025-06-27 13:58:28,待办,健康,提醒还信用卡,,,否,1,,,,否,,,,,,,,月底,
这周六同学聚会别忘了,`2025-06-27 13:58:28,日程,应酬,同学聚会,,同学,否,1,,,,否,,,,这周六,,,,,
下周出差要带充电器,`2025-06-27 13:58:28,备忘,行李,出差要带充电器,,,否,1,,,,否,,,,,,,,,
每天9点喝一杯水,`2025-06-27 13:58:28,待办,健康,喝一杯水,,,是,0,`2025-06-27 09:00:00,,,是,日,1,,,每天9点,,,,
每月5号交房租,`2025-06-27 13:58:28,待办,生活,交房租,,,否,1,,,,是,月,5,,每月5号,,,,,
每周三晚上7点瑜伽课,`2025-06-27 13:58:28,日程,运动,瑜伽课,,,是,0,`2025-06-27 19:00:00,,,是,周,3,,每周三,晚上7点,,,,
帮我记一下老妈的生日是5月20号,`2025-06-27 13:58:28,备忘,家庭,老妈的生日,,老妈,否,1,,,,否,,,,5月20号,,,,,
早上开会前记得打印会议材料,`2025-06-27 13:58:28,待办,工作,打印会议材料,,,否,1,,,,否,,,,,,,,早上,
双十一提醒我抢购,`2025-06-27 13:58:28,待办,购物,抢购,,,否,1,,,,否,,,,,,,,双十一,
每季度末提醒备份电脑文件,`2025-06-27 13:58:28,待办,健康,提醒备份电脑文件,,,否,1,,,,是,季,末,,,,,,,
遛狗时顺便取快递,`2025-06-27 13:58:28,待办,购物,取快递,,,否,1,,,,否,,,,,,,,,
姨妈来之前三天提醒我买卫生巾,`2025-06-27 13:58:28,待办,健康,买卫生巾,,,否,1,,,,否,,,,,,,,,
看到好看的盆栽记得提醒我周末去买,`2025-06-27 13:58:28,待办,购物,看到好看的盆栽,,,否,1,,,,否,,,,,,,,周末,
每次发工资后存2000到理财账户,`2025-06-27 13:58:28,待办,理财,每次发工资后存2000到理财账户,,,否,1,,,,是,月,1,,,,,,,
感冒药快吃完时要补货,`2025-06-27 13:58:28,待办,健康,感冒药快吃完时要补货,,,否,1,,,,否,,,,,,,,,
下雨天提醒我带伞,`2025-06-27 13:58:28,待办,健康,带伞,,,否,1,,,,否,,,,,,,,,
健身完记得喝蛋白粉,`2025-06-27 13:58:28,待办,健康,喝蛋白粉,,,否,1,,,,否,,,,,,,,,
今天下午三点要跟老王视频会议,`2025-06-27 13:58:28,日程,会议,跟老王视频会议,,老王,是,0,`2025-06-27 15:00:00,,,否,,,,,下午3点,,,,
明天晚上七点记得买生日蛋糕,`2025-06-27 13:58:28,待办,购物,买生日蛋糕,,,是,0,`2025-06-28 19:00:00,,`2025-06-28 19:00:00,否,,,,明天,晚上七点,,,明天,晚上七点
周五帮我预约牙医，最好是上午,`2025-06-27 13:58:28,日程,就医,预约牙医,,,否,1,,,,否,,,,周五,上午,,,,
下周一交季度报告别忘了,`2025-06-27 13:58:28,待办,工作,交季度报告,,,否,1,,,,否,,,,下周一,,,,,
这周六闺蜜婚礼，提前两小时提醒我,`2025-06-27 13:58:28,日程,应酬,闺蜜婚礼,,闺蜜,否,1,,,,否,,,,这周六,,,,这周六,提前两小时
记得提醒我每周三晚上八点健身课,`2025-06-27 13:58:28,待办,运动,健身课,,,是,0,`2025-06-27 20:00:00,,`2025-06-27 20:00:00,是,周,3,,,晚上8点,,,,晚上8点
双十一晚上零点抢购，设个提醒,`2025-06-27 13:58:28,待办,购物,抢购,,,是,0,`2025-06-27 00:00:00,,`2025-11-11 00:00:00,否,,,,,晚上零点,,,双十一,晚上零点
每个月5号还房贷，持续提醒,`2025-06-27 13:58:28,待办,健康,还房贷,,,否,1,,,,是,月,5,,每个月5号,,,,每个月5号,
下个月15号是妈妈生日，提前一周提醒我准备礼物,`2025-06-27 13:58:28,待办,家庭,准备礼物,,妈妈,否,1,,,,否,,,,下个月15号,,,,下个月8号,
每天早上八点叫我起床,`2025-06-27 13:58:28,待办,健康,叫我起床,,,是,0,`2025-06-28 08:00:00,,,是,日,1,,,早上8点,,,,
这周末大扫除，周六周日各提醒一次,`2025-06-27 13:58:28,待办,家庭,大扫除,,,否,1,,,,否,,,,这周末,,,,"周六,周日",各提醒一次
明天记得提醒我有个会要开,`2025-06-27 13:58:28,待办,会议,有个会要开,,,否,1,,,,否,,,,,,,,明天,
帮我记一下周五要交水电费,`2025-06-27 13:58:28,待办,生活,交水电费,,,否,1,,,,否,,,,周五,,,,,
下个月5号记得告诉我妈生日要到了,`2025-06-27 13:58:28,待办,家庭,告诉妈妈生日要到了,,妈妈,否,1,,,,否,,,,下个月5号,,,,下个月5号,
记着周三下午三点要去看牙医,`2025-06-27 13:58:28,日程,就医,去看牙医,,,是,0,`2025-07-02 15:00:00,,,否,,,,周三,下午三点,,,,
帮我存一下健身房会员卡月底到期,`2025-06-27 13:58:28,待办,健康,健身房会员卡到期,,,否,1,,,,否,,,,,,,,,
别忘了提醒我周日要给车加油,`2025-06-27 13:58:28,待办,,给车加油,,,否,1,,,,否,,,,,,,,周日,
记一下下周二要带猫去打疫苗,`2025-06-27 13:58:28,待办,健康,带猫去打疫苗,,,否,1,,,,否,,,,下周二,,,,,
帮我记着每个月15号还信用卡,`2025-06-27 13:58:28,待办,健康,还信用卡,,,否,1,,,,是,月,15,,每个月15号,,,,,
周四早上记得提醒我有个快递要取,`2025-06-27 13:58:28,待办,购物,有个快递要取,,,否,1,,,,否,,,,,,,,周四,早上
记得提醒我每个月20号要交房租,`2025-06-27 13:58:28,待办,生活,交房租,,,否,1,,,,是,月,20,,,,,,每个月20号,
晚上8点给爸妈打个电话,`2025-06-27 13:58:28,待办,,给爸妈打个电话,,爸妈,是,0,`2025-06-27 20:00:00,,,否,,,,,晚上8点,,,,
下午3点和客户视频会议别忘了,`2025-06-27 13:58:28,日程,会议,和客户视频会议,,客户,是,0,`2025-06-27 15:00:00,,,否,,,,,下午3点,,,,
下周一生日趴提前买好礼物,`2025-06-27 13:58:28,待办,购物,提前买好礼物,,,否,1,,,,否,,,,,,,,,
明早9点交周报别迟到,`2025-06-27 13:58:28,待办,工作,交周报,,,是,0,`2025-06-28 09:00:00,,,否,,,,明早,9点,,,,
每月5号记得还信用卡,`2025-06-27 13:58:28,待办,财务,还信用卡,,,否,1,,,,是,月,5,,,,,,,
下周三下午带狗去打疫苗,`2025-06-27 13:58:28,日程,健康,带狗去打疫苗,,,否,1,,,,否,,,,下周三,下午,,,,
每天睡前要吃药,`2025-06-27 13:58:28,待办,健康,吃药,,,是,0,`2025-06-27 21:00:00,,,是,日,1,,,每天睡前,,,,
周五下班前把方案发给老板,`2025-06-27 13:58:28,待办,工作,把方案发给老板,,老板,否,1,,,,否,,,,周五,,,,,
这周日别忘了去健身房,`2025-06-27 13:58:28,待办,运动,去健身房,,,否,1,,,,否,,,,,,,,,
明天早上9点要跟老王视频会议，提醒我一下,`2025-06-27 13:58:28,日程,会议,跟老王视频会议,,老王,是,0,`2025-06-28 09:00:00,,`2025-06-28 09:00:00,否,,,,明天,早上9点,,,明天,早上9点
后天下午3点去医院复查牙齿，别忘了,`2025-06-27 13:58:28,日程,就医,去医院复查牙齿,,,是,0,`2025-06-29 15:00:00,,,否,,,,后天,下午3点,,,,
这周五晚上7点闺蜜生日聚餐，帮我设置个提醒,`2025-06-27 13:58:28,日程,约见,闺蜜生日聚餐,,闺蜜,是,0,`2025-06-27 19:00:00,,`2025-06-27 19:00:00,否,,,,这周五,晚上7点,,,这周五,晚上7点
下个月5号要交房租了，记在待办里,`2025-06-27 13:58:28,待办,,交房租,,,否,1,,,,否,,,,下个月5号,,,,,
每天早上8点记得提醒我吃维生素,`2025-06-27 13:58:28,待办,健康,吃维生素,,,是,0,`2025-06-28 08:00:00,,`2025-06-28 08:00:00,是,日,1,,,早上8点,,,,早上8点
每周三晚上8点有瑜伽课，帮我记录下,`2025-06-27 13:58:28,日程,运动,瑜伽课,,,是,0,`2025-06-27 20:00:00,,,是,周,3,,每周三,晚上8点,,,,
这周末要带狗狗去宠物店洗澡，记一下,`2025-06-27 13:58:28,日程,宠物护理,带狗狗去宠物店洗澡,宠物店,,否,1,,,,否,,,,这周末,,,,,
下周二上午10点有个重要的客户提案，帮我设置提醒,`2025-06-27 13:58:28,日程,工作,重要的客户提案,,客户,是,0,`2025-07-01 10:00:00,,`2025-07-01 10:00:00,否,,,,下周二,上午10点,,,下周二,上午10点
记得提醒我每周日给妈妈打电话,`2025-06-27 13:58:28,待办,通讯,给妈妈打电话,,妈妈,否,1,,,,是,周,7,,,每周日,,,,
下周四下午4点要参加孩子的家长会，别忘了,`2025-06-27 13:58:28,日程,家庭,参加孩子的家长会,,孩子,是,0,`2025-07-03 16:00:00,,,否,,,,下周四,下午4点,,,,
明天早上9点要跟客户视频会议,`2025-06-27 13:58:28,日程,会议,跟客户视频会议,,客户,是,0,`2025-06-28 09:00:00,,,否,,,,明天,早上9点,,,,
后天中午12点在楼下的川菜馆请老王吃饭,`2025-06-27 13:58:28,日程,美食,请老王吃饭,楼下的川菜馆,老王,是,0,`2025-06-29 12:00:00,,,否,,,,后天,中午12点,,,,
这周六下午3点记得去健身房,`2025-06-27 13:58:28,待办,运动,去健身房,,,是,0,`2025-06-28 15:00:00,,,否,,,,这周六,下午3点,,,,
下周三上午10点半有个医院体检预约,`2025-06-27 13:58:28,日程,就医,医院体检预约,,,是,0,`2025-07-02 10:30:00,,,否,,,,下周三,上午10点半,,,,
记得提醒我每个月5号交水电费,`2025-06-27 13:58:28,待办,健康,交水电费,,,否,1,,,,是,月,5,,,,,,,
周四晚上7点要参加表弟的生日聚餐,`2025-06-27 13:58:28,日程,应酬,参加表弟的生日聚餐,,表弟,是,0,`2025-07-03 19:00:00,,,否,,,,周四,晚上7点,,,,
每天早上8点记得提醒我吃降压药,`2025-06-27 13:58:28,待办,健康,吃降压药,,,是,0,`2025-06-28 08:00:00,,`2025-06-28 08:00:00,是,日,1,,,早上8点,,,,早上8点
双十一晚上8点帮我设置抢购提醒,`2025-06-27 13:58:28,待办,购物,设置抢购提醒,,,是,0,`2025-11-11 20:00:00,,`2025-11-11 20:00:00,否,,,,双十一,晚上8点,,,双十一,晚上8点
下个月15号是结婚纪念日，记得提醒我买花,`2025-06-27 13:58:28,待办,纪念日,结婚纪念日,,,否,1,,,,否,,,,下个月15号,,,,下个月15号,
每周一早上9点半要开部门晨会,`2025-06-27 13:58:28,日程,会议,开部门晨会,,,是,0,`2025-06-30 09:30:00,,,是,周,1,,每周一,早上9点半,,,,
明天下午三点跟老王约了咖啡 ,`2025-06-27 13:58:28,日程,约见,跟老王约了咖啡,,老王,是,0,`2025-06-28 15:00:00,,,否,,,,明天,下午三点,,,,
下周二早上九点团队周例会别忘了  ,`2025-06-27 13:58:28,日程,会议,团队周例会,,,是,0,`2025-07-01 09:00:00,,,否,,,,下周二,早上九点,,,,
周五晚上七点半记得订生日蛋糕  ,`2025-06-27 13:58:28,待办,健康,订生日蛋糕,,,是,0,`2025-06-27 19:30:00,,`2025-06-27 19:30:00,否,,,,周五,晚上七点半,,,周五,晚上七点半
这周六上午十点带娃去上钢琴课  ,`2025-06-27 13:58:28,日程,学习,带娃去上钢琴课,,,是,0,`2025-06-28 10:00:00,,,否,,,,这周六,上午十点,,,,
下个月15号记得交房租水电费,`2025-06-27 13:58:28,待办,生活,交房租水电费,,,否,1,,,,否,,,,下个月15号,,,,下个月15号,
帮我记一下每周三晚上八点的瑜伽课  ,`2025-06-27 13:58:28,日程,运动,瑜伽课,,,是,0,`2025-06-27 20:00:00,,,是,周,3,,,晚上8点,,,,
双十一凌晨记得抢购要囤的日用品  ,`2025-06-27 13:58:28,待办,购物,抢购要囤的日用品,,,否,1,,,,否,,,,双十一凌晨,凌晨,,,双十一,凌晨
每年清明节都要回老家扫墓  ,`2025-06-27 13:58:28,日程,家庭,回老家扫墓,,,否,1,,,,是,年,0404,,清明节,,,,,
元旦假期最后一天写年终总结,`2025-06-27 13:58:28,备忘,工作,年终总结,,,否,1,,,,否,,,,,,,,,
明天下午3点跟客户视频会议,`2025-06-27 13:58:28,日程,会议,跟客户视频会议,,客户,是,0,`2025-06-28 15:00:00,,,否,,,,明天,下午3点,,,,
这周五晚上7点姐妹聚餐别忘了,`2025-06-27 13:58:28,日程,约见,姐妹聚餐,,姐妹,是,0,`2025-06-27 19:00:00,,,否,,,,这周五,晚上7点,,,,
下个月10号记得还房贷,`2025-06-27 13:58:28,待办,健康,还房贷,,,否,1,,,,否,,,,下个月10号,,,,下个月10号,
周日早上8点健身课调成了9点半,`2025-06-27 13:58:28,日程,运动,健身课,,,是,0,`2025-06-29 09:30:00,,,否,,,,周日,9点半,,,,
下周三临时要出差去上海,`2025-06-27 13:58:28,日程,差旅,临时要出差去上海,上海,,否,1,,,,否,,,,,,,,,
这周末记得给妈妈买生日礼物,`2025-06-27 13:58:28,待办,购物,给妈妈买生日礼物,,妈妈,否,1,,,,否,,,,这周末,,,,这周末,
今天下班前要发项目进度报告,`2025-06-27 13:58:28,待办,工作,发项目进度报告,,,否,1,,,,否,,,,,今天下班前,,,,
后天早上10点部门团建,`2025-06-27 13:58:28,日程,应酬,部门团建,,,是,0,`2025-06-29 10:00:00,,,否,,,,后天,早上10点,,,,
大后天下午两点约了牙医洗牙,`2025-06-27 13:58:28,日程,就医,约了牙医洗牙,,牙医,是,0,`2025-06-29 14:00:00,,,否,,,,大后天,下午两点,,,,
下个月15号信用卡自动还款,`2025-06-27 13:58:28,待办,财务,信用卡自动还款,,,否,1,,,,否,,,,下个月15号,,,,,
晚上8点提醒我吃维生素,`2025-06-27 13:58:28,待办,健康,吃维生素,,,是,0,`2025-06-27 20:00:00,,`2025-06-27 20:00:00,否,,,,,晚上8点,,,,晚上8点
下周记得买狗粮，快吃完了,`2025-06-27 13:58:28,待办,购物,买狗粮,,,否,1,,,,否,,,,,,,,下周,
15号发工资后记得转2000到储蓄账户,`2025-06-27 13:58:28,待办,财务,发工资后记得转2000到储蓄账户,,,否,1,,,,否,,,,15号,,,,,
帮我记一下每月5号交水电费,`2025-06-27 13:58:28,待办,生活,交水电费,,,否,1,,,,是,月,5,,每月5号,,,,,
下周二下午4点要带猫去打疫苗,`2025-06-27 13:58:28,日程,就医,带猫去打疫苗,,,是,0,`2025-07-01 16:00:00,,,否,,,,下周二,下午4点,,,,
周四晚上7点半有线上瑜伽课,`2025-06-27 13:58:28,日程,运动,线上瑜伽课,,,是,0,`2025-07-03 19:30:00,,,否,,,,周四,晚上7点半,,,,
明天中午12点和张总约了商务午餐,`2025-06-27 13:58:28,日程,约见,商务午餐,,张总,是,0,`2025-06-28 12:00:00,,,否,,,,明天,中午12点,,,,
下个月20号是结婚纪念日，提前订餐厅,`2025-06-27 13:58:28,日程,纪念日,结婚纪念日,,,否,1,,,,否,,,,下个月20号,,,,,
每天早上7点提醒我喝一杯温水,`2025-06-27 13:58:28,待办,健康,喝一杯温水,,,是,0,`2025-06-28 07:00:00,,`2025-06-28 07:00:00,是,日,1,,,早上7点,,,,早上7点
明天下午3点记得提醒我去超市买牛奶,`2025-06-27 13:58:28,待办,购物,去超市买牛奶,,,是,0,`2025-06-27 15:00:00,,`2025-06-28 15:00:00,否,,,,,下午3点,,,明天,下午3点
下周三晚上7点半帮我记一下闺蜜聚餐，地点是老地方咖啡馆,`2025-06-27 13:58:28,日程,约见,闺蜜聚餐,老地方咖啡馆,闺蜜,是,0,`2025-07-02 19:30:00,,,否,,,,下周三,晚上7点半,,,,
这周五医生预约别忘了，上午9点15分,`2025-06-27 13:58:28,日程,就医,医生预约,,医生,是,0,`2025-06-27 09:15:00,,,否,,,,这周五,上午9点15分,,,,
每月8号提醒我还信用卡,`2025-06-27 13:58:28,待办,健康,提醒我还信用卡,,,否,1,,,,是,月,8,,每月8号,,,,每月8号,
下个月5号要交房租了，设置个提醒,`2025-06-27 13:58:28,待办,生活,交房租,,,否,1,,,,否,,,,,,,,下个月5号,
每天早上8点提醒我吃维生素,`2025-06-27 13:58:28,待办,健康,吃维生素,,,是,0,`2025-06-28 08:00:00,,`2025-06-28 08:00:00,是,日,1,,,早上8点,,,,早上8点
今天下午6点提醒我拿快递，在小区丰巢柜,`2025-06-27 13:58:28,待办,购物,拿快递,小区丰巢柜,,是,0,`2025-06-27 18:00:00,,`2025-06-27 18:00:00,否,,,,,下午6点,,,今天,下午6点
11月15号提醒我预约车辆年检,`2025-06-27 13:58:28,待办,健康,预约车辆年检,,,否,1,,,,否,,,,11月15号,,,,11月15号,
后天中午12点帮我记一下和客户视频会议，用zoom,`2025-06-27 13:58:28,日程,会议,和客户视频会议,,客户,是,0,`2025-06-29 12:00:00,,,否,,,,后天,中午12点,,,,
明天早上9点记得给客户回电话,`2025-06-27 13:58:28,待办,通讯,给客户回电话,,客户,是,0,`2025-06-28 09:00:00,,`2025-06-28 09:00:00,否,,,,明天,早上9点,,,明天,早上9点
下午三点帮我约一下理发店,`2025-06-27 13:58:28,日程,约见,约理发店,,,是,0,`2025-06-27 15:00:00,,,否,,,,,下午3点,,,,
周末去超市买牛奶和鸡蛋,`2025-06-27 13:58:28,待办,购物,买牛奶和鸡蛋,,,否,1,,,,否,,,,,,,,,
下周三交水电费别忘了,`2025-06-27 13:58:28,待办,生活,交水电费,,,否,1,,,,否,,,,,,,,下周三,
周五晚上7点跟老张约饭局记一下,`2025-06-27 13:58:28,日程,约见,跟老张约饭局,,老张,是,0,`2025-06-27 19:00:00,,,否,,,,周五,晚上7点,,,,
记得提醒我每个月5号还信用卡,`2025-06-27 13:58:28,待办,健康,还信用卡,,,否,1,,,,是,月,5,,,,,,,
这周六早上10点健身房私教课,`2025-06-27 13:58:28,日程,运动,健身房私教课,,,是,0,`2025-06-28 10:00:00,,,否,,,,这周六,早上10点,,,,
下个月15号妈妈生日要买礼物,`2025-06-27 13:58:28,待办,家庭,妈妈生日要买礼物,,妈妈,否,1,,,,否,,,,下个月15号,,,,,
每天早上8点提醒我吃药,`2025-06-27 13:58:28,待办,健康,吃药,,,是,0,`2025-06-28 08:00:00,,`2025-06-28 08:00:00,是,日,1,,,早上8点,,,,早上8点
后天下午两点部门开会帮我记着,`2025-06-27 13:58:28,日程,会议,部门开会,,,是,0,`2025-06-29 14:00:00,,,否,,,,后天,下午两点,,,,
帮我记下午三点要和老王视频会议,`2025-06-27 13:58:28,日程,会议,和老王视频会议,,老王,是,0,`2025-06-27 15:00:00,,,否,,,,,下午3点,,,,
周末记得提醒我去超市买牛奶,`2025-06-27 13:58:28,待办,购物,去超市买牛奶,,,否,1,,,,否,,,,,,,,周末,
下周二上午十点有个重要的客户演示,`2025-06-27 13:58:28,日程,会议,重要的客户演示,,客户,是,0,`2025-07-01 10:00:00,,,否,,,,下周二,上午十点,,,,
每周三晚上七点记得提醒我上瑜伽课,`2025-06-27 13:58:28,待办,运动,上瑜伽课,,,是,0,`2025-06-27 19:00:00,,`2025-06-27 19:00:00,是,周,3,,,晚上7点,,,每周三,晚上7点
双十一那天提醒我抢购,`2025-06-27 13:58:28,待办,购物,抢购,,,否,1,,,,否,,,,双十一,,,,双十一,
这周五下班前要交季度报告初稿,`2025-06-27 13:58:28,待办,工作,交季度报告初稿,,,否,1,,,,否,,,,这周五,下班前,,,,
每个月5号提醒我交房租,`2025-06-27 13:58:28,待办,健康,交房租,,,否,1,,,,是,月,5,,每个月5号,,,,每个月5号,
过生日那天提醒我给妈妈打个电话,`2025-06-27 13:58:28,待办,,给妈妈打个电话,,妈妈,否,1,,,,否,,,,过生日那天,,,,过生日那天,
记得提醒我每三个月更换一次牙刷,`2025-06-27 13:58:28,待办,健康,更换牙刷,,,否,1,,,,是,月,3,,,,,,,
下周医生复诊时间是周四下午两点半,`2025-06-27 13:58:28,日程,就医,医生复诊,,医生,是,0,`2025-07-03 14:30:00,,,否,,,,下周四,下午两点半,,,,
明天上午9点有个项目例会，帮我记一下,`2025-06-27 13:58:28,日程,会议,项目例会,,,是,0,`2025-06-28 09:00:00,,,否,,,,明天,上午9点,,,,
后天晚上7点半约了朋友看电影，别让我忘了,`2025-06-27 13:58:28,日程,约见,约了朋友看电影,,朋友,是,0,`2025-06-29 19:30:00,,,否,,,,后天,晚上7点半,,,,
下周三10点要交月度报告，提前一天提醒我准备,`2025-06-27 13:58:28,待办,工作,要交月度报告,,,是,0,`2025-07-02 10:00:00,,`2025-07-01 10:00:00,否,,,,下周三,10点,,,下周二,10点
这周五下午3点约了牙医洗牙，记得提醒我带医保卡,`2025-06-27 13:58:28,日程,就医,约了牙医洗牙,,牙医,是,0,`2025-06-27 15:00:00,,`2025-06-27 15:00:00,否,,,,这周五,下午3点,,,这周五,下午3点
周末想去超市采购，周六早上10点提醒我列购物清单,`2025-06-27 13:58:28,待办,购物,去超市采购,,,否,1,,,,否,,,,,,,,周六,早上10点
下个月5号是妈妈生日，提前一周提醒我买礼物,`2025-06-27 13:58:28,待办,家庭,买礼物,,妈妈,否,1,,,,否,,,,下个月5号,,,,下个月5号提前一周,
每周一早上9点提醒我提交周工作计划,`2025-06-27 13:58:28,待办,工作,提交周工作计划,,,是,0,`2025-06-28 09:00:00,,`2025-06-30 09:00:00,是,周,1,,,早上9点,,,每周一,早上9点
月底最后一天提醒我交房租  ,`2025-06-27 13:58:28,待办,,交房租,,,否,1,,,,否,,,,月底最后一天,,,,月底最后一天,
下周四下午2点有个重要客户拜访，提前半小时提醒我检查资料,`2025-06-27 13:58:28,日程,应酬,重要客户拜访,,重要客户,是,0,`2025-07-03 14:00:00,,`2025-07-03 13:30:00,否,,,,下周四,下午2点,,,下周四,下午1点30分
明天下午三点要跟老王开项目进度会，记得带上报表,`2025-06-27 13:58:28,日程,会议,跟老王开项目进度会,,老王,是,0,`2025-06-28 15:00:00,,,否,,,,明天,下午三点,,,,
周五记得提醒我去剪头发，都拖了两周了,`2025-06-27 13:58:28,待办,健康,剪头发,,,否,1,,,,否,,,,,,,,周五,
下个月5号是老婆生日，提前订好餐厅和礼物,`2025-06-27 13:58:28,日程,家庭,老婆生日,,老婆,否,1,,,,否,,,,下个月5号,,,,,
每周三晚上7点健身私教课，别又偷懒不去了,`2025-06-27 13:58:28,日程,运动,健身私教课,,,是,0,`2025-06-26 19:00:00,,,是,周,3,,每周三,晚上7点,,,,
这周日爸妈要来家里吃饭，记得买菜别点外卖,`2025-06-27 13:58:28,待办,家庭,买菜别点外卖,,爸妈,否,1,,,,否,,,,这周日,,,,,
双十一记得提醒我抢那款打折的咖啡机,`2025-06-27 13:58:28,待办,购物,抢那款打折的咖啡机,,,否,1,,,,否,,,,双十一,,,,双十一,
每天下午4点要吃药，设个固定提醒,`2025-06-27 13:58:28,待办,健康,吃药,,,是,0,`2025-06-27 16:00:00,,`2025-06-27 16:00:00,是,日,1,,,下午4点,,,,下午4点
月底前要交季度报告，提前三天提醒我写,`2025-06-27 13:58:28,待办,工作,交季度报告,,,否,1,,,,否,,,,月底前,,,,提前三天,
记得设置每月15号还房贷的提醒，别逾期了,`2025-06-27 13:58:28,待办,健康,还房贷,,,否,1,,,,是,月,15,,,,,,每月15号,
周三晚上8点帮我记一下跟客户视频会议,`2025-06-27 13:58:28,日程,会议,跟客户视频会议,,客户,是,0,`2025-07-02 20:00:00,,,否,,,,周三,晚上8点,,,,
这周六上午10点要去看牙医别忘了,`2025-06-27 13:58:28,日程,就医,去看牙医,,,是,0,`2025-06-28 10:00:00,,,否,,,,这周六,上午10点,,,,
每隔三天提醒我浇一次办公室的绿萝,`2025-06-27 13:58:28,待办,健康,浇办公室的绿萝,办公室,,否,1,,,,是,日,3,,,,,,,
下个月5号是妈妈的生日要提前准备礼物,`2025-06-27 13:58:28,日程,家庭,妈妈的生日,,妈妈,否,1,,,,否,,,,下个月5号,,,,,
每天早上7点半提醒我吃降压药,`2025-06-27 13:58:28,待办,健康,吃降压药,,,是,0,`2025-06-28 07:30:00,,`2025-06-28 07:30:00,是,日,1,,,早上7点半,,,,早上7点半
这周五下班前要提交季度报告初稿,`2025-06-27 13:58:28,待办,工作,提交季度报告初稿,,,否,1,,,,否,,,,这周五,下班前,,,,
帮我记一下每个月15号还信用卡,`2025-06-27 13:58:28,待办,健康,还信用卡,,,否,1,,,,是,月,15,,,,,,,
10月20号纪念日记得订餐厅和买花,`2025-06-27 13:58:28,待办,纪念日,订餐厅和买花,,,否,1,,,,否,,,,10月20号,,,,10月20号,
明天下午三点要跟王总视频会议，提前十分钟通知我  ,`2025-06-27 13:58:28,日程,会议,跟王总视频会议,,王总,是,0,`2025-06-28 15:00:00,,`2025-06-28 14:50:00,否,,,,明天,下午三点,,,明天,下午两点五十分
后天晚上记得提醒我给妈妈打电话，她生日快到了  ,`2025-06-27 13:58:28,待办,,给妈妈打电话,,妈妈,否,1,,,,否,,,,后天晚上,,,,后天晚上,
帮我记一下这周末要买的东西：牛奶、鸡蛋、面包  ,`2025-06-27 13:58:28,待办,购物,牛奶、鸡蛋、面包,,,否,1,,,,否,,,,,,,,,
下个月5号提醒我交房租，重要的事情,`2025-06-27 13:58:28,待办,,交房租,,,否,1,,,,否,,,,下个月5号,,,,下个月5号,
这周五下班后约了小李吃饭，地点在商场那家火锅店  ,`2025-06-27 13:58:28,日程,约见,约小李吃饭,商场那家火锅店,小李,否,1,,,,否,,,,这周五,下班后,,,,
每天早上8点提醒我吃维生素，持续一个月,`2025-06-27 13:58:28,待办,健康,吃维生素,,,是,0,`2025-06-28 08:00:00,,`2025-06-28 08:00:00,是,日,1,2025-07-28 23:59:59,,早上8点,,,,早上8点
下周二医生预约是下午两点半，别让我迟到  ,`2025-06-27 13:58:28,日程,就医,医生预约,,医生,是,0,`2025-07-01 14:30:00,,,否,,,,下周二,下午两点半,,,,
记得提醒我每三个月换一次牙刷  ,`2025-06-27 13:58:28,待办,健康,换牙刷,,,否,1,,,,是,月,3,,,,,,,
这周日上午十点小区停电，记得提醒我把电脑充满电,`2025-06-27 13:58:28,待办,健康,提醒我把电脑充满电,,,是,0,`2025-06-29 10:00:00,,`2025-06-29 10:00:00,否,,,,这周日,上午10点,,,这周日,上午10点
周四晚上7点和老王约的饭局帮我记一下,`2025-06-27 13:58:28,日程,约见,和老王吃饭,,老王,是,0,`2025-07-03 19:00:00,,,否,,,,周四,晚上7点,,,,
下周一的部门例会提前半小时提醒我,`2025-06-27 13:58:28,日程,会议,部门例会,,,否,1,,,,否,,,,下周一,,,,下周一,提前半小时
双十一记得帮我抢那个打折的烤箱,`2025-06-27 13:58:28,待办,购物,抢打折的烤箱,,,否,1,,,,否,,,,,,,,双十一,
每月15号提醒我给花浇水,`2025-06-27 13:58:28,待办,健康,给花浇水,,,否,1,,,,是,月,15,,每月15号,,,,每月15号,
后天早上9点视频会议千万别忘了,`2025-06-27 13:58:28,日程,会议,视频会议,,,是,0,`2025-06-29 09:00:00,,,否,,,,后天,早上9点,,,,
这周六带宝宝打疫苗记得提醒我,`2025-06-27 13:58:28,待办,健康,带宝宝打疫苗,,宝宝,否,1,,,,否,,,,这周六,,,,这周六,
下个月5号房贷还款日设个提醒,`2025-06-27 13:58:28,待办,财务,房贷还款,,,否,1,,,,否,,,,,,,,下个月5号,
每天晚上8点提醒我吃药,`2025-06-27 13:58:28,待办,健康,吃药,,,是,0,`2025-06-27 20:00:00,,`2025-06-27 20:00:00,是,日,1,,,晚上8点,,,,晚上8点
元旦假期记得提醒我买回家的车票,`2025-06-27 13:58:28,待办,出行,买回家的车票,,,否,1,,,,否,,,,,,,,元旦假期,
明天早上九点我要去牙医诊所复查,`2025-06-27 13:58:28,日程,就医,去牙医诊所复查,牙医诊所,,是,0,`2025-06-28 09:00:00,,,否,,,,明天,早上九点,,,,
下午三点别忘了给客户回电话,`2025-06-27 13:58:28,待办,通讯,给客户回电话,,客户,是,0,`2025-06-27 15:00:00,,`2025-06-27 15:00:00,否,,,,,下午3点,,,,下午3点
周六上午十点约了健身教练上课,`2025-06-27 13:58:28,日程,运动,约了健身教练上课,,健身教练,是,0,`2025-06-28 10:00:00,,,否,,,,周六,上午十点,,,,
记得提醒我周三晚上七点参加线上读书会,`2025-06-27 13:58:28,日程,学习,参加线上读书会,,,是,0,`2025-07-02 19:00:00,,`2025-07-02 19:00:00,否,,,,周三,晚上七点,,,周三,晚上七点
下个月五号妈妈生日要买礼物,`2025-06-27 13:58:28,待办,家庭,妈妈生日要买礼物,,妈妈,否,1,,,,否,,,,下个月五号,,,,,
后天下午两点部门有个重要的项目会议,`2025-06-27 13:58:28,日程,会议,部门有个重要的项目会议,,,是,0,`2025-06-29 14:00:00,,,否,,,,后天,下午两点,,,,
周五下班前要把周报发给主管,`2025-06-27 13:58:28,待办,工作,周报,,主管,否,1,,,,否,,,,周五,,,,,
这周末要带狗狗去宠物店洗澡,`2025-06-27 13:58:28,日程,宠物护理,带狗狗去宠物店洗澡,宠物店,,否,1,,,,否,,,,这周末,,,,,
姨妈下周三从上海来玩，记得去高铁站接她,`2025-06-27 13:58:28,日程,约见,去高铁站接姨妈,高铁站,姨妈,否,1,,,,否,,,,下周三,,,,,
下周二交房租，提前准备好现金,`2025-06-27 13:58:28,待办,生活,交房租,,,否,1,,,,否,,,,下周二,,,,,
帮我记一下这周五下午三点要和老王视频会议  ,`2025-06-27 13:58:28,日程,会议,和老王视频会议,,老王,是,0,`2025-06-27 15:00:00,,,否,,,,这周五,下午三点,,,,
明天早上九点记得提醒我吃药  ,`2025-06-27 13:58:28,待办,健康,吃药,,,是,0,`2025-06-28 09:00:00,,`2025-06-28 09:00:00,否,,,,明天,早上九点,,,明天,早上九点
下周三别忘了预约理发  ,`2025-06-27 13:58:28,待办,生活,预约理发,,,否,1,,,,否,,,,,,,,下周三,
记着这周六要给妈妈过生日  ,`2025-06-27 13:58:28,日程,家庭,给妈妈过生日,,妈妈,否,1,,,,否,,,,这周六,,,,,
下个月15号要交房租水电费,`2025-06-27 13:58:28,待办,生活,交房租水电费,,,否,1,,,,否,,,,下个月15号,,,,,
下周二上午十点有个客户拜访  ,`2025-06-27 13:58:28,日程,应酬,客户拜访,,客户,是,0,`2025-07-01 10:00:00,,,否,,,,下周二,上午十点,,,,
周五下班前要把工作报告发给领导  ,`2025-06-27 13:58:28,待办,工作,工作报告,,领导,否,1,,,,否,,,,,,,,,
这周日记得去超市采购生活用品  ,`2025-06-27 13:58:28,待办,购物,去超市采购生活用品,,,否,1,,,,否,,,,这周日,,,,这周日,
下个月8号是结婚纪念日要提前订餐厅,`2025-06-27 13:58:28,日程,纪念日,结婚纪念日,,,否,1,,,,否,,,,下个月8号,,,,,
明天下午3点记得提醒我跟李总开会,`2025-06-27 13:58:28,待办,会议,跟李总开会,,李总,是,0,`2025-06-28 15:00:00,,`2025-06-28 15:00:00,否,,,,明天,下午3点,,,明天,下午3点
周五晚上7点约了健身房私教课别忘了,`2025-06-27 13:58:28,日程,运动,约了健身房私教课,,,是,0,`2025-06-27 19:00:00,,,否,,,,周五,晚上7点,,,,
下周三上午10点有个产品演示需要准备,`2025-06-27 13:58:28,日程,工作,产品演示需要准备,,,是,0,`2025-07-02 10:00:00,,,否,,,,下周三,上午10点,,,,
记得提醒我周末要去超市采购日用品,`2025-06-27 13:58:28,待办,购物,去超市采购日用品,,,否,1,,,,否,,,,周末,,,,周末,
帮我记一下每个月15号要交水电费,`2025-06-27 13:58:28,待办,缴费,交水电费,,,否,1,,,,是,月,15,,,,,,,
下个月5号是结婚纪念日得提前订餐厅,`2025-06-27 13:58:28,日程,纪念日,结婚纪念日,,,否,1,,,,否,,,,下个月5号,,,,,
周二早上9点有个重要的客户电话会议,`2025-06-27 13:58:28,日程,会议,重要的客户电话会议,,客户,是,0,`2025-07-01 09:00:00,,,否,,,,周二,早上9点,,,,
这周六同学聚会地点还没定要记得跟进,`2025-06-27 13:58:28,待办,应酬,这周六同学聚会地点还没定,,同学,否,1,,,,否,,,,,,,,,
下周四下午带孩子去打疫苗别忘了,`2025-06-27 13:58:28,日程,健康,带孩子去打疫苗,,孩子,否,1,,,,否,,,,下周四,下午,,,,
帮我记下明天上午10点要和王总视频会议,`2025-06-27 13:58:28,日程,会议,和王总视频会议,,王总,是,0,`2025-06-28 10:00:00,,,否,,,,明天,上午10点,,,,
下周一下午3点记得提醒我去幼儿园接孩子,`2025-06-27 13:58:28,待办,家庭,去幼儿园接孩子,,孩子,是,0,`2025-06-27 15:00:00,,`2025-06-30 15:00:00,否,,,,,下午3点,,,下周一,下午3点
双十一那天提醒我抢购新出的手机  ,`2025-06-27 13:58:28,待办,购物,抢购新出的手机,,,否,1,,,,否,,,,双十一,,,,双十一,
每个月15号提醒我交房租水电费,`2025-06-27 13:58:28,待办,健康,交房租水电费,,,否,1,,,,是,月,15,,每个月15号,,,,每个月15号,
下周三医生预约检查记得提前一小时通知我  ,`2025-06-27 13:58:28,待办,就医,医生预约检查,,医生,是,0,`2025-07-02 11:00:00,,`2025-07-02 11:00:00,否,,,,下周三,提前一小时,,,下周三,提前一小时
周五下班前提醒我把工作报告发给领导  ,`2025-06-27 13:58:28,待办,工作,把工作报告发给领导,,领导,否,1,,,,否,,,,周五,下班前,,,周五,下班前
每天早上8点提醒我吃降压药,`2025-06-27 13:58:28,待办,健康,吃降压药,,,是,0,`2025-06-28 08:00:00,,`2025-06-28 08:00:00,是,日,1,,,早上8点,,,,早上8点
这周六同学聚会别忘了提醒我带礼物  ,`2025-06-27 13:58:28,待办,应酬,带礼物,,同学,否,1,,,,否,,,,这周六,,,,这周六,
情人节前一天提醒我订玫瑰花  ,`2025-06-27 13:58:28,待办,,订玫瑰花,,,否,1,,,,否,,,,,,,,2月13日,
每次发工资日提醒我存2000块到理财账户,`2025-06-27 13:58:28,待办,理财,存2000块到理财账户,,,否,1,,,,否,,,,,,,,,
帮我记一下后天早上九点要去医院复查牙齿  ,`2025-06-27 13:58:28,日程,就医,去医院复查牙齿,,,是,0,`2025-06-29 09:00:00,,,否,,,,后天,早上九点,,,,
下周一上午十点半有个跟客户的视频会议别忘了  ,`2025-06-27 13:58:28,日程,会议,跟客户的视频会议,,客户,是,0,`2025-06-30 10:30:00,,,否,,,,下周一,上午十点半,,,,
周五晚上七点记得提醒我去火车站接我爸妈  ,`2025-06-27 13:58:28,待办,出行,去火车站接我爸妈,火车站,我爸妈,是,0,`2025-06-27 19:00:00,,`2025-06-27 19:00:00,否,,,,周五晚上,七点,,,周五晚上,七点
这周六下午两点约了朋友在星巴克喝咖啡帮我记一下  ,`2025-06-27 13:58:28,日程,约见,约了朋友在星巴克喝咖啡,星巴克,朋友,是,0,`2025-06-28 14:00:00,,,否,,,,这周六,下午两点,,,,
今晚八点记得提醒我给老妈打个电话祝她生日快乐  ,`2025-06-27 13:58:28,待办,家庭,给老妈打个电话祝她生日快乐,,老妈,是,0,`2025-06-27 20:00:00,,`2025-06-27 20:00:00,否,,,,今晚,八点,,,今晚,八点
帮我记着周四中午十二点部门聚餐在海底捞  ,`2025-06-27 13:58:28,日程,美食,部门聚餐,海底捞,,是,0,`2025-07-03 12:00:00,,,否,,,,周四,中午十二点,,,,
下个月五号上午十点要去房管局办过户手续  ,`2025-06-27 13:58:28,日程,办事,去房管局办过户手续,房管局,,是,0,`2025-07-05 10:00:00,,,否,,,,下个月五号,上午十点,,,,
明天早上七点二十的闹钟别忘了叫我起床赶飞机  ,`2025-06-27 13:58:28,待办,健康,闹钟,,,是,0,`2025-06-28 07:20:00,,,否,,,,明天,早上七点二十,,,,
帮我记个健身房的私教课，周日下午四点,`2025-06-27 13:58:28,日程,运动,健身房的私教课,,,是,0,`2025-06-29 16:00:00,,,否,,,,周日,下午4点,,,,
明天下午三点约了客户在星巴克谈项目,`2025-06-27 13:58:28,日程,约见,约客户谈项目,星巴克,客户,是,0,`2025-06-28 15:00:00,,,否,,,,明天,下午三点,,,,
周五晚上7点要去看复仇者联盟的首映,`2025-06-27 13:58:28,日程,观影,去看复仇者联盟的首映,,,是,0,`2025-06-27 19:00:00,,,否,,,,周五,晚上7点,,,,
下周三记得提醒我交水电费,`2025-06-27 13:58:28,待办,,交水电费,,,否,1,,,,否,,,,,,,,下周三,
帮我记着每个月5号要给信用卡还款,`2025-06-27 13:58:28,待办,财务,给信用卡还款,,,否,1,,,,是,月,5,,,,,,,
周一早上9点部门例会千万别迟到,`2025-06-27 13:58:28,日程,会议,部门例会,,,是,0,`2025-06-30 09:00:00,,,否,,,,周一,早上9点,,,,
双十一记得提醒我抢购那个限量版耳机,`2025-06-27 13:58:28,待办,购物,抢购限量版耳机,,,否,1,,,,否,,,,,,,,双十一,
11月15号是结婚纪念日，提前订束玫瑰,`2025-06-27 13:58:28,日程,纪念日,结婚纪念日,,,否,1,,,,否,,,,11月15号,,,,,
下个月10号是驾照到期日，记得去换证,`2025-06-27 13:58:28,待办,健康,驾照到期日，记得去换证,,,否,1,,,,否,,,,下个月10号,,,,下个月10号,
周六中午同学聚会，在海底捞解放路店,`2025-06-27 13:58:28,日程,应酬,同学聚会,海底捞解放路店,同学,否,1,,,,否,,,,周六,中午,,,,
后天下午三点提醒我约牙医复查,`2025-06-27 13:58:28,待办,,约牙医复查,,,是,0,`2025-06-29 15:00:00,,`2025-06-29 15:00:00,否,,,,后天,下午三点,,,后天,下午三点
下周一早上九点有个团队例会要准备,`2025-06-27 13:58:28,日程,会议,团队例会要准备,,,是,0,`2025-06-30 09:00:00,,,否,,,,下周一,早上九点,,,,
周五下班前记得把季度总结发给领导,`2025-06-27 13:58:28,待办,工作,把季度总结发给领导,,领导,否,1,,,,否,,,,周五,,,,周五,
这周末要买生日礼物给老妈,`2025-06-27 13:58:28,待办,购物,买生日礼物给老妈,,老妈,否,1,,,,否,,,,,,,,,
双十一晚上八点提醒我抢购,`2025-06-27 13:58:28,待办,购物,抢购,,,是,0,`2025-06-27 20:00:00,,`2025-11-11 20:00:00,否,,,,,晚上8点,,,双十一,晚上8点
下个月15号交房租别忘了,`2025-06-27 13:58:28,待办,生活,交房租,,,否,1,,,,否,,,,下个月15号,,,,,
周三中午12点和张总在星巴克谈合作,`2025-06-27 13:58:28,日程,约见,谈合作,星巴克,张总,是,0,`2025-07-02 12:00:00,,,否,,,,周三,中午12点,,,,
每天下午五点提醒我喝杯水休息下,`2025-06-27 13:58:28,待办,健康,喝杯水休息下,,,是,0,`2025-06-27 17:00:00,,`2025-06-27 17:00:00,是,日,1,,,下午5点,,,,下午5点
11月30号前把年度报告写完,`2025-06-27 13:58:28,待办,工作,把年度报告写完,,,否,1,,,,否,,,,11月30号,,,,,
明早八点叫我起床，要赶早班机,`2025-06-27 13:58:28,待办,健康,叫我起床,,,是,0,`2025-06-28 08:00:00,,`2025-06-28 08:00:00,否,,,,明早,八点,,,明早,八点
下周一记得提醒我交水电费,`2025-06-27 13:58:28,待办,,交水电费,,,否,1,,,,否,,,,下周一,,,,下周一,
周五晚上帮我记着约老王吃饭,`2025-06-27 13:58:28,日程,约见,约老王吃饭,,老王,否,1,,,,否,,,,周五晚上,晚上,,,,
这周末要带小孩去动物园别忘了,`2025-06-27 13:58:28,日程,出行,带小孩去动物园,动物园,小孩,否,1,,,,否,,,,这周末,,,,,
记得提醒我每个月5号还信用卡,`2025-06-27 13:58:28,待办,健康,还信用卡,,,否,1,,,,是,月,5,,,,,,,
帮我记着周三下午三点有个视频会议,`2025-06-27 13:58:28,日程,会议,视频会议,,,是,0,`2025-07-02 15:00:00,,,否,,,,周三,下午三点,,,,
双十一记得提醒我买猫粮,`2025-06-27 13:58:28,待办,购物,买猫粮,,,否,1,,,,否,,,,,,,,双十一,
下个月15号是老妈生日别忘了准备礼物,`2025-06-27 13:58:28,待办,家庭,准备礼物,,老妈,否,1,,,,否,,,,下个月15号,,,,,
每天早上8点半提醒我吃药,`2025-06-27 13:58:28,待办,健康,吃药,,,是,0,`2025-06-28 08:30:00,,`2025-06-28 08:30:00,是,日,1,,,早上8点半,,,,早上8点半
下周健身房的卡到期了该续费了,`2025-06-27 13:58:28,待办,健康,健身房的卡到期了该续费了,,,否,1,,,,否,,,,,,,,,
帮我记着周四要给客户发方案,`2025-06-27 13:58:28,待办,工作,给客户发方案,,客户,否,1,,,,否,,,,周四,,,,,
明天下午三点要跟张总视频会议，记得提前提醒我准备资料,`2025-06-27 13:58:28,日程,会议,跟张总视频会议,,张总,是,0,`2025-06-28 15:00:00,,`2025-06-28 15:00:00,否,,,,明天,下午三点,,,明天,下午三点
下周三妈妈生日，要记得晚上回家吃饭，帮我设个提醒,`2025-06-27 13:58:28,待办,家庭,妈妈生日，晚上回家吃饭,,妈妈,否,1,,,,否,,,,,,,,下周三,晚上
这个月15号要交电费，别忘了提前通知我,`2025-06-27 13:58:28,待办,生活,交电费,,,否,1,,,,否,,,,这个月15号,,,,,
每天早上8点提醒我吃降压药，要持续一周,`2025-06-27 13:58:28,待办,健康,吃降压药,,,是,0,`2025-06-28 08:00:00,,`2025-06-28 08:00:00,是,日,1,2025-07-04 23:59:59,,早上8点,,,,早上8点
帮我记一下，每个月5号还房贷，长期提醒,`2025-06-27 13:58:28,待办,健康,还房贷,,,否,1,,,,是,月,5,,每个月5号,,,,,
周五下班前要提交季度报告，设个截止时间提醒,`2025-06-27 13:58:28,待办,工作,提交季度报告,,,否,1,,,,否,,,,,,,,周五,下班前
下个月10号是结婚纪念日，记得提醒我买礼物,`2025-06-27 13:58:28,待办,纪念日,结婚纪念日,,,否,1,,,,否,,,,下个月10号,,,,下个月10号,
每周二和周四晚上7点有健身课，帮我设置重复提醒,`2025-06-27 13:58:28,待办,运动,有健身课,,,是,0,`2025-06-27 19:00:00,,`2025-06-27 19:00:00,是,周,"2,4",,,晚上7点,,,,晚上7点
下周一上午9点要去看牙医，提前半小时提醒我出门,`2025-06-27 13:58:28,日程,就医,去看牙医,,,是,0,`2025-06-30 09:00:00,,`2025-06-30 08:30:00,否,,,,下周一,上午9点,,,下周一,上午8点30分
明天下午3点要和客户王总视频会议讨论新项目,`2025-06-27 13:58:28,日程,会议,和客户王总视频会议讨论新项目,,王总,是,0,`2025-06-28 15:00:00,,,否,,,,明天,下午3点,,,,
周日下午2点记得提醒我去火车站接妈妈,`2025-06-27 13:58:28,待办,出行,去火车站接妈妈,火车站,妈妈,是,0,`2025-06-29 14:00:00,,`2025-06-29 14:00:00,否,,,,周日,下午2点,,,周日,下午2点
周五晚上7点半约了闺蜜在海底捞吃火锅，别忘了,`2025-06-27 13:58:28,日程,约见,约闺蜜在海底捞吃火锅,海底捞,闺蜜,是,0,`2025-06-27 19:30:00,,,否,,,,周五,晚上7点半,,,,
每周三和周五晚上8点都要提醒我上瑜伽课,`2025-06-27 13:58:28,待办,运动,上瑜伽课,,,是,0,`2025-06-27 20:00:00,,`2025-06-27 20:00:00,是,周,"3,5",,,晚上8点,,,,晚上8点
双十一晚上12点抢购，提前10分钟提醒我,`2025-06-27 13:58:28,待办,购物,抢购,,,是,0,`2025-11-11 23:50:00,,`2025-11-11 23:50:00,否,,,,双十一,晚上12点,,,双十一,晚上11:50
下周二交房租，记得提醒我转账给房东  ,`2025-06-27 13:58:28,待办,生活,交房租,,房东,否,1,,,,否,,,,下周二,,,,下周二,
这周六早上9点狗狗要打疫苗，预约了宠物医院,`2025-06-27 13:58:28,日程,健康,狗狗要打疫苗,宠物医院,,是,0,`2025-06-28 09:00:00,,,否,,,,这周六,早上9点,,,,
每天晚上11点提醒我吃药，要连吃一周,`2025-06-27 13:58:28,待办,健康,吃药,,,是,0,`2025-06-27 23:00:00,,`2025-06-27 23:00:00,是,日,1,2025-07-03 23:00:00,,晚上11点,,,,晚上11点
下周四下午4点部门季度汇报，提前准备好PPT,`2025-06-27 13:58:28,日程,工作,部门季度汇报,,,是,0,`2025-07-03 16:00:00,,,否,,,,下周四,下午4点,,,,
明天十点记得提醒我交水电费,`2025-06-27 13:58:28,待办,健康,交水电费,,,是,0,`2025-06-28 10:00:00,,`2025-06-28 10:00:00,否,,,,明天,十点,,,明天,十点
下个月5号是老婆生日，别忘了买礼物,`2025-06-27 13:58:28,待办,生活,买礼物,,老婆,否,1,,,,否,,,,下个月5号,,,,,
周五晚上7点同事聚餐，地点在海底捞,`2025-06-27 13:58:28,日程,应酬,同事聚餐,海底捞,同事,是,0,`2025-06-27 19:00:00,,,否,,,,周五,晚上7点,,,,
下周二早上9点有个部门例会，提前准备材料,`2025-06-27 13:58:28,日程,会议,有个部门例会，提前准备材料,,,是,0,`2025-07-01 09:00:00,,,否,,,,下周二,早上9点,,,,
记一下每月的15号要还信用卡,`2025-06-27 13:58:28,待办,财务,还信用卡,,,否,1,,,,是,月,15,,每月15号,,,,,
这周四下午3点约了牙医洗牙,`2025-06-27 13:58:28,日程,就医,约了牙医洗牙,,牙医,是,0,`2025-06-26 15:00:00,,,否,,,,这周四,下午3点,,,,
下周一上午10点半要去医院拿体检报告,`2025-06-27 13:58:28,日程,就医,去医院拿体检报告,,,是,0,`2025-06-30 10:30:00,,,否,,,,下周一,上午10点半,,,,
帮我记住每周三晚上8点要上网课,`2025-06-27 13:58:28,日程,学习,上网课,,,是,0,`2025-06-27 20:00:00,,,是,周,3,,每周三,晚上8点,,,,
周末要买生日礼物给老妈，预算500元左右,`2025-06-27 13:58:28,待办,购物,买生日礼物给老妈，预算500元左右,,老妈,否,1,,,,否,,,,,,,,,
下个月15号交房租水电，提前三天提醒我转账,`2025-06-27 13:58:28,待办,生活,交房租水电,,,否,1,,,,否,,,,下个月15号,,,,下个月12号,
周三晚上7点健身课，帮我记录在运动分类里,`2025-06-27 13:58:28,日程,运动,健身课,,,是,0,`2025-07-02 19:00:00,,,否,,,,周三,晚上7点,,,,
这周五中午部门聚餐，地点还没定，先记着,`2025-06-27 13:58:28,日程,应酬,部门聚餐,,,否,1,,,,否,,,,这周五中午,中午,,,,
记得提醒我每个月1号给信用卡还款,`2025-06-27 13:58:28,待办,财务,给信用卡还款,,,否,1,,,,是,月,1,,,,,,,
下周三下午两点客户拜访，提前准备样品和报价单,`2025-06-27 13:58:28,日程,应酬,客户拜访,,客户,是,0,`2025-07-02 14:00:00,,,否,,,,下周三,下午两点,,,,
下周四晚上8点线上培训，把会议链接也记一下,`2025-06-27 13:58:28,日程,学习,线上培训，会议链接,,,是,0,`2025-07-03 20:00:00,,,否,,,,下周四,晚上8点,,,,
周六上午10点去宠物医院给猫打疫苗,`2025-06-27 13:58:28,日程,就医,给猫打疫苗,,,是,0,`2025-06-28 10:00:00,,,否,,,,周六,上午10点,,,,
下个月10号是纪念日，提前一周提醒我订餐厅,`2025-06-27 13:58:28,待办,纪念日,纪念日,,,否,1,,,,否,,,,下个月10号,,,,下个月3号,
周五下午记得去干洗店取衣服,`2025-06-27 13:58:28,待办,生活,去干洗店取衣服,干洗店,,否,1,,,,否,,,,,周五下午,,,,
这周六闺蜜生日别忘了买礼物,`2025-06-27 13:58:28,待办,礼物,买礼物,,闺蜜,否,1,,,,否,,,,这周六,,,,,
记得提醒我每天喝八杯水,`2025-06-27 13:58:28,待办,健康,每天喝八杯水,,,否,1,,,,是,日,1,,,,,,,
下个月5号房贷还款日，提前转账,`2025-06-27 13:58:28,待办,财务,房贷还款日,,,否,1,,,,否,,,,下个月5号,,,,,
周三晚上和健身教练约了私教课,`2025-06-27 13:58:28,日程,运动,私教课,,健身教练,否,1,,,,否,,,,周三晚上,晚上,,,,
这周日带爸妈去新开的餐厅吃饭,`2025-06-27 13:58:28,日程,美食,带爸妈去新开的餐厅吃饭,,爸妈,否,1,,,,否,,,,这周日,,,,,
周二下午三点部门例会别迟到,`2025-06-27 13:58:28,日程,会议,部门例会,,,是,0,`2025-07-01 15:00:00,,,否,,,,周二,下午三点,,,,
妈妈下周三复查，提前请好假,`2025-06-27 13:58:28,日程,就医,复查,,妈妈,否,1,,,,否,,,,下周三,,,,,
明天早上九点约了牙医洗牙  ,`2025-06-27 13:58:28,日程,就医,约了牙医洗牙,,牙医,是,0,`2025-06-28 09:00:00,,,否,,,,明天,早上九点,,,,
周五晚上七点半要参加同事的生日聚餐  ,`2025-06-27 13:58:28,日程,应酬,参加同事的生日聚餐,,同事,是,0,`2025-06-27 19:30:00,,,否,,,,周五,晚上七点半,,,,
这周日下午两点带狗狗去宠物店洗澡  ,`2025-06-27 13:58:28,日程,宠物护理,带狗狗去宠物店洗澡,宠物店,,是,0,`2025-06-29 14:00:00,,,否,,,,这周日下午,两点,,,,
下个月5号记得交水电费,`2025-06-27 13:58:28,待办,生活,交水电费,,,否,1,,,,否,,,,下个月5号,,,,下个月5号,
每天早上八点提醒我喝一杯温水  ,`2025-06-27 13:58:28,待办,健康,喝一杯温水,,,是,0,`2025-06-28 08:00:00,,`2025-06-28 08:00:00,是,日,1,,,早上8点,,,,早上8点
后天中午和客户在万达广场吃饭谈项目  ,`2025-06-27 13:58:28,日程,约见,和客户谈项目,万达广场,客户,否,1,,,,否,,,,后天中午,中午,,,,
每周三晚上八点有瑜伽课别忘了  ,`2025-06-27 13:58:28,日程,运动,瑜伽课,,,是,0,`2025-06-27 20:00:00,,,是,周,3,,每周三,晚上8点,,,,
月底前要把工作报告发给领导  ,`2025-06-27 13:58:28,待办,工作,工作报告,,领导,否,1,,,,否,,,,,,,,,
下周六上午十点陪妈妈逛超市  ,`2025-06-27 13:58:28,日程,购物,陪妈妈逛超市,,妈妈,是,0,`2025-07-05 10:00:00,,,否,,,,下周六,上午十点,,,,
记得这周五下班后去干洗店取西装  ,`2025-06-27 13:58:28,待办,生活,去干洗店取西装,干洗店,,否,1,,,,否,,,,这周五,下班后,,,,
五一假期第一天要订去杭州的高铁票,`2025-06-27 13:58:28,日程,出行,订去杭州的高铁票,杭州,,否,1,,,,否,,,,五一假期第一天,,,,,
今天下午3点有个客户视频会议别忘了,`2025-06-27 13:58:28,日程,会议,客户视频会议,,客户,是,0,`2025-06-27 15:00:00,,,否,,,,,下午3点,,,,
周三晚上7点约了老王吃火锅记得提醒我,`2025-06-27 13:58:28,日程,约见,约老王吃火锅,,老王,是,0,`2025-07-02 19:00:00,,`2025-07-02 19:00:00,否,,,,周三,晚上7点,,,周三,晚上7点
下个月5号要交房租了帮我设置个提醒,`2025-06-27 13:58:28,待办,生活,交房租,,,否,1,,,,否,,,,,,,,下个月5号,
早上8点记得叫我起床，闹钟调大声点,`2025-06-27 13:58:28,待办,健康,叫我起床，闹钟调大声点,,,是,0,`2025-06-28 08:00:00,,,否,,,,,早上8点,,,,
周五下班记得提醒我去超市买牛奶,`2025-06-27 13:58:28,待办,购物,去超市买牛奶,,,否,1,,,,否,,,,,,,,周五,下班
帮我记一下医生预约是下周二下午2点半,`2025-06-27 13:58:28,日程,就医,医生预约,,,是,0,`2025-07-01 14:30:00,,,否,,,,下周二,下午2点半,,,,
下周六是老婆生日千万别忘记买礼物,`2025-06-27 13:58:28,待办,家庭,买礼物,,老婆,否,1,,,,否,,,,下周六,,,,,
每个月15号要还信用卡设个长期提醒,`2025-06-27 13:58:28,待办,健康,还信用卡,,,否,1,,,,是,月,15,,,,,,,
记得提醒我每天晚上8点给猫喂粮,`2025-06-27 13:58:28,待办,健康,给猫喂粮,,,是,0,`2025-06-27 20:00:00,,`2025-06-27 20:00:00,是,日,1,,,晚上8点,,,,
明天晚上八点提醒我去健身房,`2025-06-27 13:58:28,待办,运动,去健身房,,,是,0,`2025-06-27 20:00:00,,`2025-06-28 20:00:00,否,,,,,晚上8点,,,明天,晚上8点
周四下午三点帮我记个会议，主题是项目进度汇报,`2025-06-27 13:58:28,日程,会议,项目进度汇报,,,是,0,`2025-07-03 15:00:00,,,否,,,,周四,下午三点,,,,
这周六记得提醒我买妈妈的生日礼物,`2025-06-27 13:58:28,待办,购物,买妈妈的生日礼物,,妈妈,否,1,,,,否,,,,这周六,,,,这周六,
每周二和周四晚上七点提醒我上网课,`2025-06-27 13:58:28,待办,学习,上网课,,,是,0,`2025-06-27 19:00:00,,`2025-06-27 19:00:00,是,周,"2,4",,,晚上七点,,,,晚上七点
帮我记一下每个月5号要还信用卡,`2025-06-27 13:58:28,待办,财务,还信用卡,,,否,1,,,,是,月,5,,,,,,,
今天晚上七点半提醒我取快递,`2025-06-27 13:58:28,待办,购物,取快递,,,是,0,`2025-06-27 19:30:00,,`2025-06-27 19:30:00,否,,,,,晚上7点半,,,今天,晚上7点半
下周日出差要带身份证，帮我设个出发前一天的提醒,`2025-06-27 13:58:28,待办,出行,出差要带身份证,,,否,1,,,,否,,,,,,,,下周六,
记得提醒我每个月15号给植物浇水,`2025-06-27 13:58:28,待办,健康,给植物浇水,,,否,1,,,,是,月,15,,每个月15号,,,,每个月15号,
周五下班前提醒我交周报,`2025-06-27 13:58:28,待办,,交周报,,,否,1,,,,否,,,,周五,,,,周五,下班前
帮我记一下明天下午三点要和客户视频会议,`2025-06-27 13:58:28,日程,会议,和客户视频会议,,客户,是,0,`2025-06-28 15:00:00,,,否,,,,明天,下午三点,,,,
周四早上别忘了提醒我交水电费,`2025-06-27 13:58:28,待办,,交水电费,,,否,1,,,,否,,,,,周四早上,,,周四,早上
下个月五号是妈妈的生日，记得提前一天提醒我买蛋糕,`2025-06-27 13:58:28,待办,健康,买蛋糕,,妈妈,否,1,,,,否,,,,下个月五号,,,,下个月四号,
这周六上午十点约了牙医洗牙，帮我记一下,`2025-06-27 13:58:28,日程,就医,约了牙医洗牙,,牙医,是,0,`2025-06-28 10:00:00,,,否,,,,这周六,上午十点,,,,
每天早上七点半提醒我吃药,`2025-06-27 13:58:28,待办,健康,吃药,,,是,0,`2025-06-28 07:30:00,,`2025-06-28 07:30:00,是,日,1,,,早上七点半,,,,早上七点半
记一下每周五下班前要发周报给领导,`2025-06-27 13:58:28,待办,工作,发周报给领导,,领导,否,1,,,,是,周,5,,,每周五下班前,,,,
下周三上午九点部门团建，地点在科技园A栋,`2025-06-27 13:58:28,日程,应酬,部门团建,科技园A栋,,是,0,`2025-07-02 09:00:00,,,否,,,,下周三,上午九点,,,,
帮我设置每个月1号还信用卡的提醒,`2025-06-27 13:58:28,待办,健康,还信用卡,,,否,1,,,,是,月,1,,每月1日,,,,每月1日,
这周日晚上七点记得提醒我追新一集电视剧,`2025-06-27 13:58:28,待办,娱乐,追新一集电视剧,,,是,0,`2025-06-29 19:00:00,,`2025-06-29 19:00:00,否,,,,这周日,晚上七点,,,这周日,晚上七点
后天下午两点有个快递要取，放快递柜会超时,`2025-06-27 13:58:28,待办,购物,取快递,,,是,0,`2025-06-29 14:00:00,,,否,,,,后天,下午2点,,,,
明天下午三点要和客户视频会议，记得提醒我,`2025-06-27 13:58:28,日程,会议,和客户视频会议,,客户,是,0,`2025-06-28 15:00:00,,`2025-06-28 15:00:00,否,,,,明天,下午三点,,,明天,下午三点
周五晚上七点约了朋友吃饭，别忘了,`2025-06-27 13:58:28,日程,约见,约了朋友吃饭,,朋友,是,0,`2025-06-27 19:00:00,,,否,,,,周五,晚上七点,,,,
下周二早上十点有个体检，帮我记下来,`2025-06-27 13:58:28,日程,健康,体检,,,是,0,`2025-07-01 10:00:00,,,否,,,,下周二,早上十点,,,,
这周六上午十点半要带狗狗去宠物店洗澡,`2025-06-27 13:58:28,日程,宠物护理,带狗狗去宠物店洗澡,宠物店,,是,0,`2025-06-28 10:30:00,,,否,,,,这周六,上午十点半,,,,
记得提醒我每周三晚上八点要上网课,`2025-06-27 13:58:28,待办,学习,上网课,,,是,0,`2025-06-27 20:00:00,,`2025-06-27 20:00:00,是,周,3,,,晚上8点,,,,晚上8点
下个月5号是妈妈生日，提前一天提醒我买礼物,`2025-06-27 13:58:28,待办,家庭,买礼物,,妈妈,否,1,,,,否,,,,下个月5号,,,,下个月4号,
每天早上八点半叫我起床，工作日都要,`2025-06-27 13:58:28,待办,健康,叫我起床,,,是,0,`2025-06-28 08:30:00,,,是,日,"1,2,3,4,5",,,早上八点半,,,,
周五下班前要提交周报，别忘记了,`2025-06-27 13:58:28,待办,工作,提交周报,,,否,1,,,,否,,,,,,,,周五,下班前
每周日上午九点要去健身房，设个重复提醒,`2025-06-27 13:58:28,待办,运动,去健身房,,,是,0,`2025-06-28 09:00:00,,`2025-06-29 09:00:00,是,周,1,,,上午9点,,,,
下周四下午两点有个重要的面试帮我记一下,`2025-06-27 13:58:28,日程,应酬,重要的面试,,,是,0,`2025-07-03 14:00:00,,,否,,,,下周四,下午两点,,,,
明天下午3点和客户张三电话沟通新产品方案，记一下,`2025-06-27 13:58:28,日程,应酬,和客户张三电话沟通新产品方案,,张三,是,0,`2025-06-28 15:00:00,,,否,,,,明天,下午3点,,,,
这周五晚上7点记得提醒我去健身房的瑜伽课,`2025-06-27 13:58:28,待办,运动,去健身房的瑜伽课,,,是,0,`2025-06-27 19:00:00,,`2025-07-04 19:00:00,否,,,,,晚上7点,,,这周五,晚上7点
下个月5号是我妈生日，提前一天提醒我买礼物,`2025-06-27 13:58:28,待办,家庭,买礼物,,我妈,否,1,,,,否,,,,下个月5号,,,,下个月4号,
记得每周一早上8点提醒我提交周报,`2025-06-27 13:58:28,待办,工作,提交周报,,,是,0,`2025-06-28 08:00:00,,`2025-06-28 08:00:00,是,周,1,,,早上8点,,,,早上8点
后天上午11点有个面试，地点在科技园A座3楼,`2025-06-27 13:58:28,日程,应酬,面试,科技园A座3楼,,是,0,`2025-06-29 11:00:00,,,否,,,,后天,上午11点,,,,
每周六早上10点要带狗狗去宠物医院做理疗,`2025-06-27 13:58:28,日程,健康,带狗狗去宠物医院做理疗,,,是,0,`2025-06-28 10:00:00,,,是,周,6,,每周六,早上10点,,,,
下周三是结婚纪念日，晚上6点提醒我订餐厅,`2025-06-27 13:58:28,待办,约见,订餐厅,,,否,1,,,,否,,,,,,,,下周三,晚上6点
每天早上7点半提醒我吃降压药,`2025-06-27 13:58:28,待办,健康,吃降压药,,,是,0,`2025-06-28 07:30:00,,`2025-06-28 07:30:00,是,日,1,,,早上7点半,,,,早上7点半
"下周四下午2点到4点要参加线上培训，主题是""AI应用实践""",`2025-06-27 13:58:28,日程,学习,AI应用实践,,,是,0,`2025-07-03 14:00:00,`2025-07-03 16:00:00,,否,,,,下周四,下午2点,下周四,下午4点,,
明天早上9点记得帮我约牙医诊所洗牙,`2025-06-27 13:58:28,待办,健康,约牙医诊所洗牙,,,是,0,`2025-06-28 09:00:00,,`2025-06-28 09:00:00,否,,,,明天,早上9点,,,明天,早上9点
周末要去超市采购，帮我记一下要买牛奶、鸡蛋和面包,`2025-06-27 13:58:28,待办,购物,买牛奶、鸡蛋和面包,,,否,1,,,,否,,,,,,,,,
下个月5号是老王生日，提前三天提醒我准备礼物,`2025-06-27 13:58:28,待办,礼物,准备礼物,,老王,否,1,,,,否,,,,下个月5号,,,,下个月2号,
每周二和周五晚上7点有瑜伽课，帮我设置成重复提醒,`2025-06-27 13:58:28,日程,运动,瑜伽课,,,是,0,`2025-06-27 19:00:00,`2025-06-30 20:00:00,,是,周,"2,5",,,晚上7点,,,,
这周五下班后要跟同事聚餐，地点在公司附近的火锅店  ,`2025-06-27 13:58:28,日程,应酬,跟同事聚餐,公司附近的火锅店,同事,否,1,,,,否,,,,这周五,下班后,,,,
下周一交季度报告，当天早上给我弹个提醒  ,`2025-06-27 13:58:28,待办,工作,交季度报告,,,否,1,,,,否,,,,下周一,,,,下周一,早上
每天早上8点提醒我吃药，持续一周,`2025-06-27 13:58:28,待办,健康,吃药,,,是,0,`2025-06-27 08:00:00,,`2025-06-27 08:00:00,是,日,1,2025-07-03 23:59:59,每天早上,8点,,,每天早上,8点
这周六带孩子去动物园玩，记得提醒我带防晒霜和水杯  ,`2025-06-27 13:58:28,日程,出行,带孩子去动物园玩,动物园,孩子,否,1,,,,否,,,,这周六,,,,这周六,
下周四上午10点有个视频会议，链接发我邮箱里,`2025-06-27 13:58:28,日程,会议,视频会议，链接发邮箱里,,,是,0,`2025-07-03 10:00:00,,,否,,,,下周四,上午10点,,,,
月底记得提醒我交房租和水电费,`2025-06-27 13:58:28,待办,健康,交房租和水电费,,,否,1,,,,否,,,,,,,,月底,
帮我记一下下周二下午3点要去医院复诊，在朝阳医院三楼内科,`2025-06-27 13:58:28,日程,就医,去医院复诊,朝阳医院三楼内科,,是,0,`2025-07-01 15:00:00,,,否,,,,下周二,下午3点,,,,
周五早上9点要交季度报告，提前两小时提醒我一下,`2025-06-27 13:58:28,待办,工作,交季度报告,,,是,0,`2025-06-27 09:00:00,,`2025-06-27 07:00:00,否,,,,周五,早上9点,,,周五,早上7点
这周六约了小王去爬山，早上8点在香山公园东门集合,`2025-06-27 13:58:28,日程,约见,约小王去爬山,香山公园东门,小王,是,0,`2025-06-28 08:00:00,,,否,,,,这周六,早上8点,,,,
下个月5号是妈妈生日，记得当天早上提醒我买蛋糕和鲜花,`2025-06-27 13:58:28,待办,家庭,买蛋糕和鲜花,,妈妈,否,1,,,,否,,,,下个月5号,早上,,,下个月5号,早上
每周三晚上8点有瑜伽课，帮我设置成每周重复提醒,`2025-06-27 13:58:28,日程,运动,瑜伽课,,,是,0,`2025-06-27 20:00:00,,,是,周,3,,每周三晚上8点,晚上8点,,,,
这周日要给客户发方案初稿，设置个下午4点的提醒,`2025-06-27 13:58:28,待办,工作,给客户发方案初稿,,客户,是,0,`2025-06-27 16:00:00,,`2025-07-06 16:00:00,否,,,,,下午4点,,,这周日,下午4点
每天晚上10点提醒我吃药，设置成每日重复,`2025-06-27 13:58:28,待办,健康,吃药,,,是,0,`2025-06-27 22:00:00,,`2025-06-27 22:00:00,是,日,1,,,晚上10点,,,,晚上10点
下个月15号要交房租，提前三天提醒我转账,`2025-06-27 13:58:28,待办,生活,交房租,,,否,1,,,,否,,,,下个月15号,,,,下个月12号,
帮我记一下下周二的体检预约，下午3点,`2025-06-27 13:58:28,日程,就医,体检预约,,,是,0,`2025-07-01 15:00:00,,,否,,,,下周二,下午3点,,,,
周五晚上8点记得提醒我买猫粮,`2025-06-27 13:58:28,待办,购物,买猫粮,,,是,0,`2025-06-27 20:00:00,,`2025-06-27 20:00:00,否,,,,周五,晚上8点,,,周五,晚上8点
下个月5号要交房租，提前三天提醒我,`2025-06-27 13:58:28,待办,生活,交房租,,,否,1,,,,否,,,,下个月5号,,,,下个月2号,
帮我记录每周三晚上7点的瑜伽课,`2025-06-27 13:58:28,日程,运动,瑜伽课,,,是,0,`2025-06-26 19:00:00,,,是,周,3,,每周三,晚上7点,,,,
记着这周六给妈妈打个电话祝她生日快乐,`2025-06-27 13:58:28,待办,家庭,给妈妈打个电话祝她生日快乐,,妈妈,否,1,,,,否,,,,这周六,,,,,
下周三上午10点半有个视频会议，帮我设个闹钟,`2025-06-27 13:58:28,日程,会议,视频会议,,,是,0,`2025-07-02 10:30:00,,`2025-07-02 10:30:00,否,,,,下周三,上午10点半,,,下周三,上午10点半
帮我记着每个月1号要还信用卡,`2025-06-27 13:58:28,待办,财务,还信用卡,,,否,1,,,,是,月,1,,,,,,,
帮我设置每天早上7点的起床提醒,`2025-06-27 13:58:28,待办,健康,起床,,,是,0,`2025-06-28 07:00:00,,`2025-06-28 07:00:00,是,日,1,,,早上7点,,,,早上7点
明天早上9点记得提醒我浇花,`2025-06-27 13:58:28,待办,健康,浇花,,,是,0,`2025-06-28 09:00:00,,`2025-06-28 09:00:00,否,,,,明天,早上9点,,,明天,早上9点
下个月15号是交房租的日子，设置个提醒,`2025-06-27 13:58:28,待办,生活,交房租,,,否,1,,,,否,,,,,,,,下个月15号,
周五晚上8点有线上会议，别忘啦,`2025-06-27 13:58:28,日程,会议,线上会议,,,是,0,`2025-06-27 20:00:00,,,否,,,,周五,晚上8点,,,,
记得每天下午3点提醒我吃药,`2025-06-27 13:58:28,待办,健康,吃药,,,是,0,`2025-06-27 15:00:00,,`2025-06-27 15:00:00,是,日,1,,,下午3点,,,,下午3点
下周三早上要带猫去打疫苗,`2025-06-27 13:58:28,日程,健康,带猫去打疫苗,,,否,1,,,,否,,,,下周三,早上,,,,
这周六闺蜜生日，提前一天提醒我买礼物,`2025-06-27 13:58:28,待办,购物,买礼物,,闺蜜,否,1,,,,否,,,,这周六,,,,提前一天,
每周一早上10点固定要开周会,`2025-06-27 13:58:28,日程,会议,开周会,,,是,0,`2025-06-27 10:00:00,,,是,周,1,,,每周一早上10点,,,,
双十一晚上12点抢购，帮我记着时间,`2025-06-27 13:58:28,日程,购物,双十一晚上12点抢购,,,是,0,`2025-11-11 23:58:00,,,否,,,,双十一,晚上12点,,,,
月底记得提醒我还信用卡,`2025-06-27 13:58:28,待办,健康,提醒还信用卡,,,否,1,,,,否,,,,,,,,月底,
明天早上9点记得提醒我开部门例会,`2025-06-27 13:58:28,待办,会议,开部门例会,,,是,0,`2025-06-28 09:00:00,,`2025-06-28 09:00:00,否,,,,明天,早上9点,,,明天,早上9点
周末要带宝宝去打疫苗，先记一下,`2025-06-27 13:58:28,日程,健康,带宝宝去打疫苗,,宝宝,否,1,,,,否,,,,,,,,,
下个月5号记得买生日礼物，老婆要过生日了,`2025-06-27 13:58:28,待办,购物,买生日礼物,,老婆,否,1,,,,否,,,,下个月5号,,,,下个月5号,
周五下班前要把报告发给王总，设个提醒,`2025-06-27 13:58:28,待办,工作,把报告发给王总,,王总,否,1,,,,否,,,,周五,下班前,,,周五,下班前
记得提醒我每周三晚上8点要上网课,`2025-06-27 13:58:28,待办,学习,上网课,,,是,0,`2025-06-27 20:00:00,,`2025-06-27 20:00:00,是,周,3,,,晚上8点,,,,晚上8点
下周二上午10点有个重要面试，提前半小时提醒我,`2025-06-27 13:58:28,日程,应酬,重要面试,,,是,0,`2025-07-01 10:00:00,,`2025-07-01 09:30:00,否,,,,下周二,上午10点,,,下周二,上午9点30分
每天下午3点要喝杯水，帮我记一下这个习惯,`2025-06-27 13:58:28,待办,习惯,要喝杯水,,,是,0,`2025-06-27 15:00:00,,,是,日,1,,,下午3点,,,,
下周要去医院复查牙齿，具体时间等医院通知来了再记,`2025-06-27 13:58:28,待办,就医,下周要去医院复查牙齿,,,否,1,,,,否,,,,,,,,,
月底前要交房租，提前三天提醒我转账,`2025-06-27 13:58:28,待办,财务,交房租,,,否,1,,,,否,,,,月底前,,,,提前三天,
后天早上记得提醒我去医院复查牙齿,`2025-06-27 13:58:28,待办,就医,去医院复查牙齿,,,否,1,,,,否,,,,后天早上,早上,,,后天早上,早上
周末约了小王吃饭，地点还没定，先记着这事,`2025-06-27 13:58:28,日程,约见,约了小王吃饭,,小王,否,1,,,,否,,,,,,,,,
下周三之前要交季度报告，千万别忘了,`2025-06-27 13:58:28,待办,工作,交季度报告,,,否,1,,,,否,,,,下周三,,,,,
双十一记得提醒我抢购那个限量款包包,`2025-06-27 13:58:28,待办,购物,抢购限量款包包,,,否,1,,,,否,,,,,,,,双十一,
每月5号水电费缴，设置个周期性提醒,`2025-06-27 13:58:28,待办,健康,每月5号水电费缴,,,否,1,,,,是,月,5,,每月5日,,,,,
这周五晚上7点跟朋友视频通话，帮我记着,`2025-06-27 13:58:28,日程,约见,跟朋友视频通话,,朋友,是,0,`2025-06-27 19:00:00,,,否,,,,这周五,晚上7点,,,,
下个月15号是妈妈生日，提前一周提醒我准备礼物,`2025-06-27 13:58:28,待办,家庭,准备礼物,,妈妈,否,1,,,,否,,,,下个月15号,,,,下个月8号,
周四中午12点跟客户约了饭局，帮我记下餐厅地址,`2025-06-27 13:58:28,日程,应酬,跟客户约了饭局,餐厅,客户,是,0,`2025-07-03 12:00:00,,,否,,,,周四,中午12点,,,,
帮我记下周五下午三点要和客户视频会议，记得提前测试设备,`2025-06-27 13:58:28,日程,会议,和客户视频会议,,客户,是,0,`2025-06-27 15:00:00,,,否,,,,周五,下午三点,,,,
周三别忘了预订周末野餐的食材，清单在手机备忘录里,`2025-06-27 13:58:28,待办,购物,预订周末野餐的食材,,,否,1,,,,否,,,,周末,,,,周三,
提醒我每天九点给猫主子喂药，持续一周,`2025-06-27 13:58:28,待办,健康,给猫主子喂药,,猫主子,是,0,`2025-06-27 09:00:00,`2025-07-04 20:00:00,`2025-06-28 09:00:00,是,日,1,2025-07-04 20:00:00,,每天九点,,,,
下个月五号是老妈生日，提前两天提醒我买礼物,`2025-06-27 13:58:28,待办,家庭,买礼物,,老妈,否,1,,,,否,,,,下个月五号,,,,下个月三号,
这周六健身房的私教课改到下午四点，别记错时间了,`2025-06-27 13:58:28,日程,运动,健身房的私教课,,,是,0,`2025-06-28 16:00:00,,,否,,,,这周六,下午四点,,,,
记得每周日晚上整理下周的工作计划，循环提醒,`2025-06-27 13:58:28,待办,工作,整理下周的工作计划,,,否,1,,,,是,周,7,,每周日,晚上,,,,
下周三交房租，帮我记着从工资卡里转账,`2025-06-27 13:58:28,待办,财务,交房租,,,否,1,,,,否,,,,下周三,,,,下周三,
下个月十号要带狗去打疫苗，提前一天提醒我预约,`2025-06-27 13:58:28,待办,健康,带狗去打疫苗,,,否,1,,,,否,,,,下个月十号,,,,下个月九号,
帮我记着每个月15号给盆栽换水施肥,`2025-06-27 13:58:28,待办,健康,给盆栽换水施肥,,,否,1,,,,是,月,15,,每个月15号,,,,,
明天下午三点要去看牙医，记得提前半小时出门,`2025-06-27 13:58:28,日程,就医,去看牙医,,,是,0,`2025-06-28 15:00:00,,`2025-06-28 14:30:00,否,,,,明天,下午三点,,,明天,下午两点三十分
周末记得买生日礼物给妈妈，她最喜欢鲜花,`2025-06-27 13:58:28,待办,购物,买生日礼物给妈妈,,妈妈,否,1,,,,否,,,,,,,,周末,
下周三项目汇报，提前把PPT再检查两遍,`2025-06-27 13:58:28,待办,工作,检查PPT,,,否,1,,,,否,,,,,,,,,
周五晚上约了健身教练，别又偷懒不去了,`2025-06-27 13:58:28,日程,运动,约了健身教练,,健身教练,否,1,,,,否,,,,周五晚上,晚上,,,,
提醒我每天喝水，每隔两小时喝一杯,`2025-06-27 13:58:28,待办,健康,喝水,,,是,0,`2025-06-27 14:00:00,,`2025-06-27 14:00:00,是,日,1,,,,,,,
这周六小区停电，记得把充电宝都充满,`2025-06-27 13:58:28,待办,生活,小区停电，记得把充电宝都充满,,,否,1,,,,否,,,,,,,,这周六,
下个月5号要交房租，提前准备好现金,`2025-06-27 13:58:28,待办,生活,交房租,,,否,1,,,,否,,,,下个月5号,,,,,
下周二宝宝打疫苗，千万别睡过头,`2025-06-27 13:58:28,日程,健康,宝宝打疫苗,,宝宝,否,1,,,,否,,,,下周二,,,,,
别忘了这周日调闹钟，要参加闺蜜的婚礼,`2025-06-27 13:58:28,待办,生活,调闹钟,,闺蜜,否,1,,,,否,,,,这周日,,,,,
下午三点提醒我和老王开周例会  ,`2025-06-27 13:58:28,待办,会议,和老王开周例会,,老王,是,0,`2025-06-27 15:00:00,,`2025-06-27 15:00:00,否,,,,,下午3点,,,今天,下午3点
明天早上九点记得给我妈妈打电话  ,`2025-06-27 13:58:28,待办,,给妈妈打电话,,妈妈,是,0,`2025-06-28 09:00:00,,`2025-06-28 09:00:00,否,,,,明天,早上九点,,,明天,早上九点
周五下班前要提交季度报告初稿  ,`2025-06-27 13:58:28,待办,工作,提交季度报告初稿,,,否,1,,,,否,,,,,,,,,
周六上午十点健身房私教课别迟到  ,`2025-06-27 13:58:28,日程,运动,健身房私教课,,,是,0,`2025-06-28 10:00:00,,,否,,,,周六,上午十点,,,,
下个月5号交房租水电记得提醒我,`2025-06-27 13:58:28,待办,生活,交房租水电,,,否,1,,,,否,,,,下个月5号,,,,下个月5号,
这周四晚上七点半姐妹聚餐订好位置了,`2025-06-27 13:58:28,日程,约见,姐妹聚餐订好位置了,,姐妹,是,0,`2025-06-26 19:30:00,,,否,,,,这周四,晚上七点半,,,,
每天早上八点吃药别忘了  ,`2025-06-27 13:58:28,待办,健康,吃药,,,是,0,`2025-06-28 08:00:00,,`2025-06-28 08:00:00,是,日,1,,,早上8点,,,,
月底前把车送去4s店保养,`2025-06-27 13:58:28,待办,健康,把车送去4s店保养,4s店,,否,1,,,,否,,,,月底前,,,,,
下周日带宝宝去打疫苗要提前挂号,`2025-06-27 13:58:28,日程,健康,带宝宝去打疫苗,,宝宝,否,1,,,,否,,,,下周日,,,,,
帮我记一下明天下午3点要和客户视频会议，记得提前10分钟提醒我,`2025-06-27 13:58:28,日程,会议,和客户视频会议,,客户,是,0,`2025-06-28 15:00:00,,`2025-06-28 14:50:00,否,,,,明天,下午3点,,,明天,下午2点50分
周五晚上7点约了朋友在万达吃饭，别忘了提醒我,`2025-06-27 13:58:28,日程,约见,约了朋友在万达吃饭,万达,朋友,是,0,`2025-06-27 19:00:00,,`2025-06-27 19:00:00,否,,,,周五,晚上7点,,,周五,晚上7点
下周三体检，帮我设置一个当天早上8点的提醒，记得让我带身份证,`2025-06-27 13:58:28,待办,健康,体检,,,是,0,`2025-06-28 08:00:00,,`2025-07-02 08:00:00,否,,,,,早上8点,,,下周三,早上8点
这周六我妈生日，晚上6点提醒我给家里打个视频电话,`2025-06-27 13:58:28,待办,家庭,给家里打个视频电话,,我妈,是,0,`2025-06-28 18:00:00,,`2025-06-28 18:00:00,否,,,,这周六,晚上6点,,,这周六,晚上6点
每周二和周四晚上8点提醒我去健身房，持续一个月,`2025-06-27 13:58:28,待办,运动,去健身房,,,是,0,`2025-06-27 20:00:00,,`2025-06-27 20:00:00,是,周,"2,4",2025-07-31 20:00:00,,晚上8点,,,,晚上8点
双十一凌晨提醒我抢购，设个12点的闹钟,`2025-06-27 13:58:28,待办,购物,抢购,,,是,0,`2025-11-11 12:00:00,,`2025-11-11 12:00:00,否,,,,双十一,12点,,,双十一,12点
下个月5号是还款日，提醒我上午还信用卡,`2025-06-27 13:58:28,待办,健康,还信用卡,,,否,1,,,,否,,,,下个月5号,上午,,,下个月5号,上午
每天早上8点半提醒我吃维生素，要重复的,`2025-06-27 13:58:28,待办,健康,吃维生素,,,是,0,`2025-06-28 08:30:00,,`2025-06-28 08:30:00,是,日,1,,,早上8点半,,,,早上8点半
后天下午2点预约了医生，帮我记着点,`2025-06-27 13:58:28,日程,就医,预约了医生,,,是,0,`2025-06-29 14:00:00,,,否,,,,后天,下午2点,,,,
每周日晚上9点提醒我整理下周的工作计划,`2025-06-27 13:58:28,待办,工作,整理下周的工作计划,,,是,0,`2025-06-27 21:00:00,,`2025-06-29 21:00:00,是,周,7,,,晚上9点,,,每周日,晚上9点
明天下班后要去超市买牛奶和鸡蛋,`2025-06-27 13:58:28,待办,购物,买牛奶和鸡蛋,超市,,否,1,,,,否,,,,明天,,,,,
下周三下午三点有个重要的客户会议,`2025-06-27 13:58:28,日程,会议,重要的客户会议,,客户,是,0,`2025-07-02 15:00:00,,,否,,,,下周三,下午三点,,,,
记得提醒我每周五晚上给妈妈打电话,`2025-06-27 13:58:28,待办,通讯,给妈妈打电话,,妈妈,是,0,`2025-06-27 20:00:00,,`2025-06-27 20:00:00,是,周,5,,,每周五晚上,,,,每周五晚上
帮我记一下本月28号是信用卡还款日,`2025-06-27 13:58:28,待办,财务,信用卡还款,,,否,1,,,,否,,,,本月28号,,,,本月28号,
周五要交项目方案初稿，提前两天提醒我一下,`2025-06-27 13:58:28,待办,工作,交项目方案初稿,,,否,1,,,,否,,,,周五,,,,周三,
下个月10号闺蜜生日，别忘了准备礼物,`2025-06-27 13:58:28,待办,礼物,准备礼物,,闺蜜,否,1,,,,否,,,,下个月10号,,,,,
每周二和周四晚上7点有瑜伽课,`2025-06-27 13:58:28,日程,运动,瑜伽课,,,是,0,`2025-06-27 19:00:00,`2025-06-30 20:00:00,,是,周,"2,4",,,晚上7点,,,,
这周六约了中介看房，地址发你微信了,`2025-06-27 13:58:28,日程,约见,约了中介看房,,中介,否,1,,,,否,,,,这周六,,,,,
下周二医生复诊预约在上午10点半,`2025-06-27 13:58:28,日程,就医,医生复诊预约,,医生,是,0,`2025-07-01 10:30:00,,,否,,,,下周二,上午10点半,,,,
帮我设置每天早上8点的喝水提醒,`2025-06-27 13:58:28,待办,健康,喝水,,,是,0,`2025-06-28 08:00:00,,`2025-06-28 08:00:00,是,日,1,,,早上8点,,,,早上8点
后天下午3点记得提醒我去牙医那里复诊,`2025-06-27 13:58:28,待办,就医,去牙医那里复诊,牙医,,是,0,`2025-06-27 15:00:00,,`2025-06-29 15:00:00,否,,,,,下午3点,,,后天,下午3点
这周末要带宝宝去打疫苗，千万别忘了  ,`2025-06-27 13:58:28,日程,健康,带宝宝去打疫苗,,宝宝,否,1,,,,否,,,,这周末,,,,,
下周三之前得把季度报告发给领导，很重要  ,`2025-06-27 13:58:28,待办,工作,把季度报告发给领导,,领导,否,1,,,,否,,,,下周三,,,,,
晚上8点健身课，帮我记一下,`2025-06-27 13:58:28,日程,运动,健身课,,,是,0,`2025-06-27 20:00:00,,,否,,,,,晚上8点,,,,
