query_hist,current_time,memory_type,memory_subtype,content,place,related_person,start_time_has_hour,start_time_not_right,start_time,end_time,remind_time,is_repeat_time,repeat_freq,repeat_value,repeat_last_time
下周四上午10点产检,`2025-06-24 00:04:07,日程,就医,产检,,,是,0,`2025-07-03 10:00:00,,,否,,,
下周五晚上8点音乐会,`2025-06-24 00:09:34,日程,活动,音乐会,,,是,0,`2025-07-04 20:00:00,,,否,,,
周四上午9点半预算调整协调会,`2025-06-24 01:02:34,日程,会议,预算调整协调会,,,是,0,`2025-06-26 09:30:00,,,否,,,
下周一全天要去广州参观工厂,`2025-06-24 01:03:14,日程,出行,要去广州参观工厂,广州,,是,0,`2025-06-30 08:00:00,`2025-06-30 20:00:00,,否,,,
下周五全天出差南京,`2025-06-24 01:05:54,日程,差旅,出差南京,南京,,是,0,`2025-07-04 08:00:00,`2025-07-04 20:00:00,,否,,,
下周五下午四点健身私教课,`2025-06-24 01:07:04,日程,运动,健身私教课,,,是,0,`2025-07-04 16:00:00,,,否,,,
后天上午十一点展会参展筹备工作会,`2025-06-24 01:20:32,日程,会议,展会参展筹备工作会,,,是,0,`2025-06-26 11:00:00,,,否,,,
周六全天带孩子去动物园,`2025-06-24 01:24:38,日程,出行,带孩子去动物园,动物园,孩子,是,0,`2025-06-28 08:00:00,`2025-06-28 20:00:00,,否,,,
下周三全天技术难题攻关协调会议,`2025-06-24 01:33:21,日程,会议,技术难题攻关协调会议,,,是,0,`2025-07-02 08:00:00,`2025-07-02 20:00:00,,否,,,
周六上午10点健身，到时提醒一下,`2025-06-24 02:30:35,待办,运动,健身,,,是,0,`2025-06-28 10:00:00,,`2025-06-28 10:00:00,否,,,
本月31号设计网页界面原型,`2025-06-24 02:34:22,待办,工作,设计网页界面原型,,,否,0,,,,否,,,
下周五全天开发新的业务渠道,`2025-06-24 02:51:29,日程,工作,开发新的业务渠道,,,是,0,`2025-07-04 08:00:00,`2025-07-04 20:00:00,,否,,,
下周一上午8:30竞品分析与应对策略会,`2025-06-24 02:51:36,日程,会议,竞品分析与应对策略会,,,是,0,`2025-06-30 08:30:00,,,否,,,
帮我记下下周二下午3点市场策略分析会,`2025-06-24 02:58:17,日程,会议,市场策略分析会,,,是,0,`2025-07-01 15:00:00,,,否,,,
明天晚上7点线上英语课,`2025-06-24 03:05:18,日程,学习,线上英语课,,,是,0,`2025-06-25 19:00:00,,,否,,,
下周三早上九点体检,`2025-06-24 03:06:38,日程,就医,体检,,,是,0,`2025-07-02 09:00:00,,,否,,,
本月25号产品评估员工绩效考核结果评审会,`2025-06-24 04:33:39,日程,会议,产品评估员工绩效考核结果评审会,,,否,1,,,,否,,,
下周四全天安装调试新设备,`2025-06-24 05:23:42,日程,工作,安装调试新设备,,,是,0,`2025-07-03 08:00:00,`2025-07-03 20:00:00,,否,,,
下周一上午9:30-11:30质量问题整改会,`2025-06-24 05:33:21,日程,会议,质量问题整改会,,,是,0,`2025-06-30 09:30:00,`2025-06-30 11:30:00,,否,,,
下周一下午三点光明项目的签约仪式,`2025-06-24 06:33:43,日程,会议,光明项目的签约仪式,光明,,是,0,`2025-06-30 15:00:00,,,否,,,
下周二下午4点理发，到时提醒一下,`2025-06-24 06:49:12,日程,美容,理发,,,是,0,`2025-07-01 16:00:00,,`2025-07-01 16:00:00,否,,,
本月20号清理垃圾，到时提醒一下,`2025-06-24 07:25:20,待办,生活,清理垃圾,,,否,1,,,,否,,,
周五晚上七点团建,`2025-06-24 07:42:47,日程,活动,团建,,,是,0,`2025-06-27 19:00:00,,,否,,,
下周六全天婚礼彩排,`2025-06-24 08:15:48,日程,婚礼,婚礼彩排,,,是,0,`2025-07-05 08:00:00,`2025-07-05 20:00:00,,否,,,
下周四晚上8点线上拍卖,`2025-06-24 08:22:06,日程,会议,线上拍卖,,,是,0,`2025-07-03 20:00:00,,,否,,,
本月31号下午三点客户满意度提升方案会,`2025-06-24 08:33:55,日程,会议,客户满意度提升方案会,,,是,0,`2025-06-30 15:00:00,,,否,,,
后天下午三点优化库存管理系统,`2025-06-24 08:47:24,日程,工作,优化库存管理系统,,,是,0,`2025-06-26 15:00:00,,,否,,,
下周四全天安全生产应急演练总结会,`2025-06-24 09:31:04,日程,会议,安全生产应急演练总结会,,,是,0,`2025-07-03 08:00:00,`2025-07-03 20:00:00,,否,,,
下周日全天参加亲子活动,`2025-06-24 10:07:03,日程,活动,参加亲子活动,,,是,0,`2025-07-06 08:00:00,`2025-07-06 20:00:00,,否,,,
帮我记下下个月1号还信用卡，到时提醒一下,`2025-06-24 10:23:45,待办,财务,还信用卡,,,否,1,,,,否,,,
下周二全天审核采购合同条款,`2025-06-24 10:37:35,日程,工作,审核采购合同条款,,,是,0,`2025-07-01 08:00:00,`2025-07-01 20:00:00,,否,,,
后天下午两点整理客户资料,`2025-06-24 10:43:44,待办,资料,整理客户资料,,,是,0,`2025-06-26 14:00:00,,,否,,,
本月30号分析季度销售数据的会,`2025-06-24 10:57:58,日程,会议,分析季度销售数据的会,,,否,1,,,,否,,,
周日早上6点登山徒步，到时提醒我一下,`2025-06-24 11:02:15,待办,运动,周日早上6点登山徒步,,,是,0,`2025-06-29 06:00:00,,`2025-06-29 06:00:00,否,,,
周六上午9点带小孩上钢琴课,`2025-06-24 11:05:57,日程,教育,带小孩上钢琴课,,,是,0,`2025-06-28 09:00:00,,,否,,,
本月最后一个周五应急预案演练总结会,`2025-06-24 11:11:39,日程,会议,应急预案演练总结会,,,否,1,,,,否,,,
下周三上午10点技术难题攻坚专题会,`2025-06-24 11:44:06,日程,会议,技术难题攻坚专题会,,,是,0,`2025-07-02 10:00:00,,,否,,,
下周三全天更新项目进度,`2025-06-24 11:56:03,日程,工作,更新项目进度,,,是,0,`2025-07-02 08:00:00,`2025-07-02 20:00:00,,否,,,
后天中午十二点商务晚餐,`2025-06-24 12:09:08,日程,约见,商务晚餐,,,是,0,`2025-06-26 12:00:00,,,否,,,
周六下午3点选购护肤用品，到时提醒我一下,`2025-06-24 13:22:22,待办,购物,选购护肤用品,,,是,0,`2025-06-28 15:00:00,,`2025-06-28 15:00:00,否,,,
周五下午5点健身操训练，提醒我一下,`2025-06-24 13:54:44,待办,运动,健身操训练,,,是,0,`2025-06-27 17:00:00,,`2025-06-27 17:00:00,否,,,
周三下午两点到四点半用户测试,`2025-06-24 13:55:36,日程,会议,用户测试,,,是,0,`2025-06-25 14:00:00,`2025-06-25 16:30:00,,否,,,
周六上午九点半维修办公电脑故障,`2025-06-24 14:17:31,日程,工作,维修办公电脑故障,,,是,0,`2025-06-28 09:30:00,,,否,,,
下周三晚上8点线上考试,`2025-06-24 14:56:38,日程,考试,线上考试,,,是,0,`2025-07-02 20:00:00,,,否,,,
本月31号处理员工考勤数据,`2025-06-24 15:06:44,待办,工作,处理员工考勤数据,,,否,2,,,,否,,,
周五晚上6点公司周年庆,`2025-06-24 15:20:36,日程,活动,公司周年庆,,,是,0,`2025-06-27 18:00:00,,,否,,,
下个月10号修理水龙头，到时提醒我一下,`2025-06-24 15:31:01,待办,维修,修理水龙头,,,否,0,,,,否,,,
后天早上7点晨跑比赛，到时提醒我一下,`2025-06-24 15:44:37,日程,运动,晨跑比赛,,,是,0,`2025-06-26 07:00:00,,`2025-06-26 07:00:00,否,,,
下周三全天市场备份重要文件,`2025-06-24 15:48:40,日程,资料,市场备份重要文件,,,是,0,`2025-07-02 08:00:00,`2025-07-02 20:00:00,,否,,,
下周一全天备份重要数据文件,`2025-06-24 16:09:12,日程,资料,备份重要数据文件,,,是,0,`2025-06-30 08:00:00,`2025-06-30 20:00:00,,否,,,
明天下午三点擦拭家具，到时提醒我一下,`2025-06-24 16:32:55,待办,家务,擦拭家具,,,是,0,`2025-06-25 15:00:00,,`2025-06-25 14:55:00,否,,,
下个月8号上午九点版本发布,`2025-06-24 18:38:34,日程,资料,版本发布,,,是,0,`2025-07-08 09:00:00,,,否,,,
明天上午九点用户画像工作坊,`2025-06-24 19:14:55,日程,会议,用户画像工作坊,,,是,0,`2025-06-25 09:00:00,,,否,,,
下周六全天搬家,`2025-06-24 19:18:02,日程,搬家,搬家,,,是,0,`2025-07-05 08:00:00,`2025-07-05 20:00:00,,否,,,
后天晚上8点线上粉丝会,`2025-06-24 19:33:05,日程,会议,线上粉丝会,,,是,0,`2025-06-26 20:00:00,,,否,,,
帮我记下下周一上午十点新媒体运营策略研讨会,`2025-06-24 19:50:10,日程,会议,新媒体运营策略研讨会,,,是,0,`2025-06-30 10:00:00,,,否,,,
下周三上午11点签证面试,`2025-06-24 20:37:55,日程,会议,签证面试,,,是,0,`2025-07-02 11:00:00,,,否,,,
下个月5号数据埋点,`2025-06-24 21:08:35,待办,工作,数据埋点,,,否,1,,,,否,,,
下个月10号叠放衣物，到时提醒我一下,`2025-06-24 21:11:15,待办,家务,叠放衣物,,,否,0,,,,否,,,
帮我记下下周一上午十点半供应链优化协调会,`2025-06-24 21:30:58,日程,会议,供应链优化协调会,,,是,0,`2025-06-30 10:30:00,,,否,,,
下周一全天封闭开发,`2025-06-24 21:31:09,日程,工作,全天封闭开发,,,是,0,`2025-06-30 08:00:00,`2025-06-30 20:00:00,,否,,,
明天早上9点有个培训成果汇报会,`2025-06-24 21:31:26,日程,会议,培训成果汇报会,,,是,0,`2025-06-25 09:00:00,,,否,,,
明天下午4点成本控制分析会,`2025-06-24 21:33:40,日程,会议,成本控制分析会,,,是,0,`2025-06-25 16:00:00,,,否,,,
本月30号上午10点技术方案评审会,`2025-06-24 21:51:26,日程,会议,技术方案评审会,,,是,0,`2025-06-30 10:00:00,,,否,,,
明天下午5点英语课,`2025-06-24 22:10:09,日程,学习,英语课,,,是,0,`2025-06-25 17:00:00,,,否,,,
下周三下午三点竞品分析,`2025-06-24 22:17:03,日程,会议,竞品分析,,,是,0,`2025-07-02 15:00:00,,,否,,,
本月28号要梳发化妆，到时提醒我一下,`2025-06-24 22:23:03,待办,健康,梳发化妆,,,否,1,,,,否,,,
明天下午三点整理文件，到时提醒我一下,`2025-06-24 22:29:00,待办,工作,整理文件,,,是,0,`2025-06-25 15:00:00,,`2025-06-25 15:00:00,否,,,
大后天晚上7点五年级家长会,`2025-06-24 22:40:19,日程,会议,五年级家长会,,,是,0,`2025-06-28 19:00:00,,,否,,,
周五下午四点年度预算编制协调会,`2025-06-24 22:47:16,日程,会议,年度预算编制协调会,,,是,0,`2025-06-27 16:00:00,,,否,,,
本月26号用户反馈分析,`2025-06-24 22:51:29,备忘,,,,,,,,,,,,,
周六下午2点同学聚会,`2025-06-24 22:56:39,日程,约见,同学聚会,,,是,0,`2025-06-28 14:00:00,,,否,,,
明天下午3点采购家电耗材，到时提醒我一下,`2025-06-24 23:28:16,待办,购物,采购家电耗材,,,是,0,`2025-06-25 15:00:00,,`2025-06-25 15:00:00,否,,,
下周三下午2点拜访客户,`2025-06-24 23:44:12,日程,约见,拜访客户,,,是,0,`2025-07-02 14:00:00,,,否,,,
周四上午11点会同学聚会,`2025-06-25 00:16:05,日程,约见,会同学聚会,,,是,0,`2025-06-26 11:00:00,,,否,,,
本月30号上午十点跨部门项目启动会,`2025-06-25 00:42:34,日程,会议,跨部门项目启动会,,,是,0,`2025-06-30 10:00:00,,,否,,,
后天下午两点购买婴儿用品，到时提醒我一下,`2025-06-25 00:57:23,待办,购物,购买婴儿用品,,,是,0,`2025-06-27 14:00:00,,`2025-06-27 14:00:00,否,,,
本月15号烹饪晚餐，到时提醒我一下,`2025-06-25 01:13:53,待办,生活,烹饪晚餐,,,否,0,,,,否,,,
下周四全天财务报表审核,`2025-06-25 01:52:08,日程,工作,财务报表审核,,,是,0,`2025-07-03 08:00:00,`2025-07-03 20:00:00,,否,,,
下周三全天办公场地选址决策会议,`2025-06-25 02:11:36,日程,会议,办公场地选址决策会议,,,是,0,`2025-07-02 08:00:00,`2025-07-02 20:00:00,,否,,,
明天中午12点约了小明的老师一起午餐,`2025-06-25 02:26:42,日程,约见,约了小明的老师一起午餐,,小明的老师,是,0,`2025-06-26 12:00:00,,,否,,,
周五下午四点编写市场推广方案,`2025-06-25 02:57:34,日程,工作,编写市场推广方案,,,是,0,`2025-06-27 16:00:00,,,否,,,
提醒我下周四下午3点瑜伽拉伸,`2025-06-25 03:04:03,待办,运动,瑜伽拉伸,,,是,0,`2025-07-03 15:00:00,,,否,,,
下周三上午10点供应商会议,`2025-06-25 03:13:27,日程,会议,供应商会议,,,是,0,`2025-07-02 10:00:00,,,否,,,
下周五全天去苏州富士康出差,`2025-06-25 03:23:06,日程,差旅,去苏州富士康出差,苏州富士康,,是,0,`2025-07-04 08:00:00,`2025-07-04 20:00:00,,否,,,
明天早上七点半员工晋升评审会议,`2025-06-25 03:30:16,日程,会议,员工晋升评审会议,,,是,0,`2025-06-26 07:30:00,,,否,,,
周六全天团建,`2025-06-25 04:14:12,日程,活动,团建,,,是,0,`2025-06-28 08:00:00,`2025-06-28 20:00:00,,否,,,
明天下午1点新车试驾,`2025-06-25 04:30:12,日程,出行,新车试驾,,,是,0,`2025-06-26 13:00:00,,,否,,,
本月29号上午十点供应商洽谈,`2025-06-25 05:10:05,日程,会议,供应商洽谈,,,是,0,`2025-06-29 10:00:00,,,否,,,
本月28号设备采购选型评估会议,`2025-06-25 05:35:08,日程,会议,设备采购选型评估会议,,,否,1,,,,否,,,
下周日全天全家去野营烧烤,`2025-06-25 05:43:27,日程,出行,全家去野营烧烤,,全家,是,0,`2025-07-06 08:00:00,`2025-07-06 20:00:00,,否,,,
后天晚上七点线上课程,`2025-06-25 06:03:48,日程,学习,线上课程,,,是,0,`2025-06-27 19:00:00,,,否,,,
周五下午三点客户投诉处理经验交流会,`2025-06-25 06:11:28,日程,会议,客户投诉处理经验交流会,,,是,0,`2025-06-27 15:00:00,,,否,,,
下周一全天撰写项目结题报告,`2025-06-25 06:27:24,日程,工作,撰写项目结题报告,,,是,0,`2025-06-30 08:00:00,`2025-06-30 20:00:00,,否,,,
明天早上6点坐火车,`2025-06-25 06:52:37,日程,出行,坐火车,,,是,0,`2025-06-26 06:00:00,,,否,,,
本月25号还房贷，到时提醒我一下,`2025-06-25 07:39:54,待办,工作,还房贷,,,否,0,,,,否,,,
周四上午十点绘制项目进度甘特图,`2025-06-25 08:13:16,日程,工作,绘制项目进度甘特图,,,是,0,`2025-06-26 10:00:00,,,否,,,
周五全天供应商合作洽谈会议,`2025-06-25 09:01:48,日程,会议,供应商合作洽谈会议,,,是,0,`2025-06-27 08:00:00,`2025-06-27 20:00:00,,否,,,
帮我记下周三下午2点选购新鲜水果，到时提醒我一下,`2025-06-25 09:49:39,待办,购物,选购新鲜水果,,,是,0,`2025-07-02 14:00:00,,`2025-07-02 14:00:00,否,,,
周六上午十点员工培训体系优化研讨会,`2025-06-25 09:52:06,日程,会议,员工培训体系优化研讨会,,,是,0,`2025-06-28 10:00:00,,,否,,,
明天早上7点送孩子比赛,`2025-06-25 10:27:43,日程,出行,送孩子比赛,,孩子,是,0,`2025-06-26 07:00:00,,,否,,,
周日早上9点带父母体检,`2025-06-25 10:34:20,日程,健康,带父母体检,,父母,是,0,`2025-06-29 09:00:00,,,否,,,
明天晚上9点直播带货,`2025-06-25 10:54:57,日程,直播,直播带货,,,是,0,`2025-06-26 21:00:00,,,否,,,
明天下午四点开发新业务渠道,`2025-06-25 10:58:20,日程,工作,开发新业务渠道,,,是,0,`2025-06-26 16:00:00,,,否,,,
周五全天季度销售业绩分析会,`2025-06-25 11:27:41,日程,会议,季度销售业绩分析会,,,是,0,`2025-06-27 08:00:00,`2025-06-27 20:00:00,,否,,,
明天上午十一点合同条款修订审核会,`2025-06-25 11:54:31,日程,会议,合同条款修订审核会,,,是,0,`2025-06-26 11:00:00,,,否,,,
下周五晚上8点线上读书会,`2025-06-25 12:11:47,日程,读书,线上读书会,,,是,0,`2025-07-04 20:00:00,,,否,,,
明天下午1点学术课题研讨会,`2025-06-25 12:18:27,日程,会议,学术课题研讨会,,,是,0,`2025-06-26 13:00:00,,,否,,,
下周五晚上6点公司年会,`2025-06-25 12:42:54,日程,会议,公司年会,,,是,0,`2025-07-04 18:00:00,,,否,,,
周日全天整理儿童房,`2025-06-25 13:24:32,日程,家庭,整理儿童房,,,是,0,`2025-06-29 08:00:00,`2025-06-29 20:00:00,,否,,,
周六下午1点剪头发，到时提醒我一下,`2025-06-25 13:39:44,待办,健康,剪头发,,,是,0,`2025-06-28 13:00:00,,`2025-06-28 13:00:00,否,,,
下周一全天需求优先级会议,`2025-06-25 13:55:34,日程,会议,需求优先级会议,,,是,0,`2025-06-30 08:00:00,`2025-06-30 20:00:00,,否,,,
本月29号产品上线复盘会,`2025-06-25 14:01:26,日程,会议,产品上线复盘会,,,否,1,,,,否,,,
后天下午三点半需求讨论会,`2025-06-25 14:21:04,日程,会议,需求讨论会,,,是,0,`2025-06-27 15:30:00,,,否,,,
本月30号客户需求对接会,`2025-06-25 14:32:14,日程,会议,客户需求对接会,,,否,1,,,,否,,,
帮我记下周五晚上6点生日派对,`2025-06-25 15:09:39,日程,聚会,生日派对,,,是,0,`2025-06-27 18:00:00,,,否,,,
本月28号整理员工档案，到时提醒我一下,`2025-06-25 15:24:13,待办,工作,整理员工档案,,,否,0,,,,否,,,
周五中午12点约了牙医,`2025-06-25 16:45:51,日程,就医,约了牙医,,,是,0,`2025-06-27 12:00:00,,,否,,,
本月30号处理应收款，到时提醒我一下,`2025-06-25 16:48:19,待办,应酬,处理应收款,,,否,0,,,,否,,,
后天上午十一点团队凝聚力建设研讨会,`2025-06-25 16:57:39,日程,会议,团队凝聚力建设研讨会,,,是,0,`2025-06-27 11:00:00,,,否,,,
明天九点用户研究会议,`2025-06-25 17:35:18,日程,会议,用户研究会议,,,是,0,`2025-06-26 09:00:00,,,否,,,
下周二上午10点挑选床上用品，到时提醒我一下,`2025-06-25 17:49:52,待办,购物,挑选床上用品,,,是,0,`2025-07-01 10:00:00,,`2025-07-01 10:00:00,否,,,
本月最后一个周五新员工座谈会,`2025-06-25 17:54:05,日程,会议,新员工座谈会,,,否,1,,,,否,,,
周六全天加班,`2025-06-25 18:04:39,日程,工作,加班,,,是,0,`2025-06-28 08:00:00,`2025-06-28 20:00:00,,否,,,
周六全天家装监工,`2025-06-25 19:02:38,日程,工作,家装监工,,,是,0,`2025-06-28 08:00:00,`2025-06-28 20:00:00,,否,,,
明天下午3点重点大客户拜访,`2025-06-25 19:16:33,日程,约见,重点大客户拜访,,,是,0,`2025-06-26 15:00:00,,,否,,,
本月最后一个工作日交评估报告，到时提醒我一下,`2025-06-25 19:30:23,待办,工作,交评估报告,,,否,1,,,,否,,,
下周三全天讨论企业文化建设方案,`2025-06-25 20:20:54,日程,会议,讨论企业文化建设方案,,,是,0,`2025-07-02 08:00:00,`2025-07-02 20:00:00,,否,,,
下周五全天产品售后服务优化会,`2025-06-25 20:27:59,日程,会议,产品售后服务优化会,,,是,0,`2025-07-04 08:00:00,`2025-07-04 20:00:00,,否,,,
本月31号联系供应商补货,`2025-06-25 20:37:42,待办,工作,联系供应商补货,,,否,0,,,,否,,,
周四上午十一点见老友叙旧,`2025-06-25 20:38:55,日程,约见,见老友叙旧,,老友,是,0,`2025-06-26 11:00:00,,,否,,,
明天下午四点市场渠道拓展规划会议,`2025-06-25 20:53:59,日程,会议,市场渠道拓展规划会议,,,是,0,`2025-06-26 16:00:00,,,否,,,
后天上午十一点信息化系统升级论证会,`2025-06-25 21:19:13,日程,会议,信息化系统升级论证会,,,是,0,`2025-06-27 11:00:00,,,否,,,
周日早上8点钓鱼,`2025-06-25 21:48:53,日程,运动,钓鱼,,,是,0,`2025-06-29 08:00:00,,,否,,,
本月25号还花呗，到时提醒我一下,`2025-06-25 21:55:39,待办,健康,还花呗,,,否,0,,,,否,,,
下周二上午10点疫苗预约,`2025-06-25 22:44:22,日程,就医,疫苗预约,,,是,0,`2025-07-01 10:00:00,,,否,,,
帮我记下下个月8号供应商合作评估会,`2025-06-25 23:21:07,日程,会议,供应商合作评估会,,,否,0,,,,否,,,
下周六全天自驾游,`2025-06-25 23:44:06,日程,出行,自驾游,,,是,0,`2025-07-05 08:00:00,`2025-07-05 20:00:00,,否,,,
后天上午11点验房,`2025-06-25 23:57:37,日程,出行,验房,,,是,0,`2025-06-27 11:00:00,,,否,,,
本月30号现场处理问题,`2025-06-26 00:00:16,日程,工作,现场处理问题,,,否,0,,,,否,,,
记一下明天晚上8点线上培训,`2025-06-26 00:30:17,日程,会议,线上培训,,,是,0,`2025-06-27 20:00:00,,,否,,,
本月15号整理衣柜，到时提醒我一下,`2025-06-26 00:30:55,待办,整理,整理衣柜,,,否,0,,,,否,,,
明天中午12点约了老李打高尔夫,`2025-06-26 01:19:20,日程,运动,约了老李打高尔夫,,老李,是,0,`2025-06-27 12:00:00,,,否,,,
下周三全天撰写方案初稿,`2025-06-26 01:21:02,日程,工作,撰写方案初稿,,,是,0,`2025-07-02 08:00:00,`2025-07-02 20:00:00,,否,,,
下周日全天家庭日,`2025-06-26 02:05:20,日程,家庭,家庭日,,,是,0,`2025-07-06 08:00:00,`2025-07-06 20:00:00,,否,,,
帮我记下下周三中午12点商务午餐,`2025-06-26 02:53:23,日程,约见,商务午餐,,,是,0,`2025-07-02 12:00:00,,,否,,,
后天晚上7点半购买日用品，到时提醒我一下,`2025-06-26 02:56:05,待办,购物,购买日用品,,,是,0,`2025-06-28 19:30:00,,`2025-06-28 19:30:00,否,,,
后天下午两点分析市场调研数据,`2025-06-26 03:18:57,日程,工作,分析市场调研数据,,,是,0,`2025-06-28 14:00:00,,,否,,,
周六下午三点购买文具用品，到时提醒我一下,`2025-06-26 03:20:33,待办,购物,购买文具用品,,,是,0,`2025-06-28 15:00:00,,`2025-06-28 15:00:00,否,,,
下个月1号信用卡还款，提醒一下,`2025-06-26 03:22:47,待办,工作,信用卡还款,,,否,0,,,,否,,,
明天下午四点产品包装设计方案比选会,`2025-06-26 03:27:41,日程,会议,产品包装设计方案比选会,,,是,0,`2025-06-27 16:00:00,,,否,,,
下周三晚上高中同学聚会,`2025-06-26 03:28:02,日程,应酬,高中同学聚会,,,否,1,,,,否,,,
本月最后一个周日打扫卧室，到时提醒我一下,`2025-06-26 03:34:49,待办,清洁,打扫卧室,卧室,,否,0,,,,否,,,
下周六下午2点选购宠物食品，到时提醒我一下,`2025-06-26 04:11:34,待办,购物,选购宠物食品,,,是,0,`2025-07-05 14:00:00,,`2025-07-05 14:00:00,否,,,
下周三全天员工培训体系建设研讨会,`2025-06-26 04:16:16,日程,会议,员工培训体系建设研讨会,,,是,0,`2025-07-02 08:00:00,`2025-07-02 20:00:00,,否,,,
下个月8号员工晋升评审会,`2025-06-26 04:45:51,日程,会议,员工晋升评审会,,,否,1,,,,否,,,
本月28号企业文化建设推进会议,`2025-06-26 05:03:11,日程,会议,企业文化建设推进会议,,,否,1,,,,否,,,
下周三全天项目预算编制审核会议,`2025-06-26 05:10:40,日程,会议,项目预算编制审核会议,,,是,0,`2025-07-02 08:00:00,`2025-07-02 20:00:00,,否,,,
周五全天客户满意度提升专题会,`2025-06-26 05:14:11,日程,会议,客户满意度提升专题会,,,是,0,`2025-06-27 08:00:00,`2025-06-27 20:00:00,,否,,,
下周五晚上7点大学同学聚会,`2025-06-26 05:47:35,日程,约见,大学同学聚会,,,是,0,`2025-07-04 19:00:00,,,否,,,
周五全天跨部门协作流程优化会议,`2025-06-26 05:51:09,日程,会议,跨部门协作流程优化会议,,,是,0,`2025-06-27 08:00:00,`2025-06-27 20:00:00,,否,,,
下个月8号安全事故分析会,`2025-06-26 06:07:32,日程,会议,安全事故分析会,,,否,1,,,,否,,,
下周二下午两点合同条款洽谈会,`2025-06-26 06:44:39,日程,会议,合同条款洽谈会,,,是,0,`2025-07-01 14:00:00,,,否,,,
明天晚上6点网球课,`2025-06-26 06:48:56,日程,运动,网球课,,,是,0,`2025-06-27 18:00:00,,,否,,,
后天下午两点编写产品说明书,`2025-06-26 07:13:30,待办,工作,编写产品说明书,,,是,0,`2025-06-28 14:00:00,,,否,,,
本月30号商议年度预算分配评审会,`2025-06-26 07:16:02,日程,会议,商议年度预算分配评审会,,,否,1,,,,否,,,
周四下午4点美甲预约，到时提醒我一下,`2025-06-26 07:54:52,日程,约见,美甲预约,,,是,0,`2025-06-26 16:00:00,,`2025-06-26 16:00:00,否,,,
明天晚上7点半产品方案评审会,`2025-06-26 08:48:33,日程,会议,产品方案评审会,,,是,0,`2025-06-27 19:30:00,,,否,,,
本月30号计算个税，到时提醒我一下,`2025-06-26 09:02:23,待办,工作,计算个税,,,否,1,,,,否,,,
本月30号市场调研,`2025-06-26 09:09:17,日程,工作,市场调研,,,否,0,,,,否,,,
周六早上6点赶飞机,`2025-06-26 09:27:41,日程,出行,赶飞机,,,是,0,`2025-06-28 06:00:00,,,否,,,
记一下周五晚上8点直播旅行,`2025-06-26 09:47:13,日程,旅行,直播旅行,,,是,0,`2025-06-27 20:00:00,,,否,,,
记一下明天晚上9点线上会议,`2025-06-26 10:15:35,日程,会议,线上会议,,,是,0,`2025-06-27 21:00:00,,,否,,,
周四上午十一点约客户谈单,`2025-06-26 10:41:52,日程,约见,约客户谈单,,客户,是,0,`2025-06-26 11:00:00,,,否,,,
下周六全天婚礼筹备,`2025-06-26 11:31:54,日程,家庭,婚礼筹备,,,是,0,`2025-07-05 08:00:00,`2025-07-05 20:00:00,,否,,,
下个月8号质量问题分析会,`2025-06-26 11:36:24,日程,会议,质量问题分析会,,,否,1,,,,否,,,
周四上午十点到十二点用户访谈,`2025-06-26 11:57:19,日程,会议,用户访谈,,,是,0,`2025-06-26 10:00:00,`2025-06-26 12:00:00,,否,,,
明天上午11点接机，接朋友,`2025-06-26 12:44:04,日程,约见,接机,,朋友,是,0,`2025-06-27 11:00:00,,,否,,,
本月30号审核供应商合作提案评审会,`2025-06-26 13:02:20,日程,会议,审核供应商合作提案评审会,,,否,1,,,,否,,,
下周一全天roadmap规划路线图,`2025-06-26 13:23:32,日程,资料,roadmap规划路线图,,,是,0,`2025-06-30 08:00:00,`2025-06-30 20:00:00,,否,,,
下周三下午三点优化工作流程,`2025-06-26 13:26:26,日程,工作,优化工作流程,,,是,0,`2025-07-02 15:00:00,,,否,,,
本月29号制定营销,`2025-06-26 13:31:45,待办,工作,制定营销,,,否,0,,,,否,,,
明天下午三点财务风险防控分析会,`2025-06-26 14:21:13,日程,会议,财务风险防控分析会,,,是,0,`2025-06-27 15:00:00,,,否,,,
明天九点用户体验测试,`2025-06-26 14:40:53,日程,会议,用户体验测试,,,是,0,`2025-06-27 09:00:00,,,否,,,
本月30号房贷提前还清，提醒一下,`2025-06-26 14:50:05,待办,工作,房贷提前还清,,,否,1,,,,否,,,
下周五全天数据分析成果汇报会,`2025-06-26 15:50:28,日程,会议,数据分析成果汇报会,,,是,0,`2025-07-04 08:00:00,`2025-07-04 20:00:00,,否,,,
下周三全天明星访谈,`2025-06-26 15:55:45,日程,会议,明星访谈,,,是,0,`2025-07-02 08:00:00,`2025-07-02 20:00:00,,否,,,
周三全天设备巡检,`2025-06-26 16:10:19,日程,工作,设备巡检,,,是,0,`2025-07-02 08:00:00,`2025-07-02 20:00:00,,否,,,
后天两点半设计评审,`2025-06-26 17:06:07,日程,会议,设计评审,,,是,0,`2025-06-28 14:30:00,,,否,,,
周日上午10点教堂礼拜,`2025-06-26 17:11:34,日程,宗教活动,教堂礼拜,教堂,,是,0,`2025-06-29 10:00:00,,,否,,,
本月30号研讨市场推广策略会,`2025-06-26 17:35:11,日程,会议,研讨市场推广策略会,,,否,1,,,,否,,,
后天晚上六点相亲,`2025-06-26 17:36:42,日程,约见,相亲,,,是,0,`2025-06-28 18:00:00,,,否,,,
下周三全天核对销售数据,`2025-06-26 17:38:18,日程,工作,核对销售数据,,,是,0,`2025-07-02 08:00:00,`2025-07-02 20:00:00,,否,,,
下周五全天年度培训计划制定会,`2025-06-26 17:57:31,日程,会议,年度培训计划制定会,,,是,0,`2025-07-04 08:00:00,`2025-07-04 20:00:00,,否,,,
帮我记下下周一上午十点品牌升级方案评审会,`2025-06-26 18:19:34,日程,会议,品牌升级方案评审会,,,是,0,`2025-06-30 10:00:00,,,否,,,
周六上午九点半包装待发货产品,`2025-06-26 19:40:46,待办,工作,包装待发货产品,,,是,0,`2025-06-28 09:30:00,,,否,,,
周四上午十一点与导师交流,`2025-06-26 20:44:12,日程,会议,与导师交流,,导师,是,0,`2025-06-26 11:00:00,,,否,,,
下周三下午3点挑选运动装备，到时提醒我一下,`2025-06-26 22:08:59,日程,运动,挑选运动装备,,,是,0,`2025-07-02 15:00:00,,`2025-07-02 15:00:00,否,,,
下周三全天给客户发送节日问候,`2025-06-26 22:10:00,日程,工作,给客户发送节日问候,,,是,0,`2025-07-02 08:00:00,`2025-07-02 20:00:00,,否,,,
下周六全天老同学聚餐,`2025-06-26 22:15:40,日程,应酬,老同学聚餐,,老同学,是,0,`2025-07-05 08:00:00,`2025-07-05 20:00:00,,否,,,
本月25号结婚纪念日,`2025-06-26 22:31:50,日程,家庭,结婚纪念日,,,否,0,,,,否,,,
本月25号维护客户关系，到时提醒我一下,`2025-06-26 22:43:49,待办,工作,维护客户关系,,,否,0,,,,否,,,
下周一全天员工职业发展规划会,`2025-06-26 23:12:22,日程,会议,员工职业发展规划会,,,是,0,`2025-06-30 08:00:00,`2025-06-30 20:00:00,,否,,,
明天下午四点电商平台运营策略讨论会,`2025-06-26 23:18:11,日程,会议,电商平台运营策略讨论会,,,是,0,`2025-06-27 16:00:00,,,否,,,
下周三全天品牌宣传方案策划会议,`2025-06-26 23:32:29,日程,会议,品牌宣传方案策划会议,,,是,0,`2025-07-02 08:00:00,`2025-07-02 20:00:00,,否,,,
下周四全天办公环境优化改造研讨会,`2025-06-27 00:02:29,日程,会议,办公环境优化改造研讨会,,,是,0,`2025-07-03 08:00:00,`2025-07-03 20:00:00,,否,,,
下周二早上9点体检,`2025-06-27 00:10:12,日程,就医,体检,,,是,0,`2025-07-01 09:00:00,,,否,,,
下周二全天成本控制分析会,`2025-06-27 00:32:39,日程,会议,成本控制分析会,,,是,0,`2025-07-01 08:00:00,`2025-07-01 20:00:00,,否,,,
本月20号擦拭镜子，到时提醒我一下,`2025-06-27 00:35:37,待办,家务,擦拭镜子,,,否,0,,,,否,,,
下周一全天撰写年度工作总结报告,`2025-06-27 00:39:24,日程,工作,撰写年度工作总结报告,,,是,0,`2025-06-30 08:00:00,`2025-06-30 20:00:00,,否,,,
明天下午四点年度目标研讨会,`2025-06-27 01:38:32,日程,会议,年度目标研讨会,,,是,0,`2025-06-28 16:00:00,,,否,,,
明天三点挑选节日礼品，到时提醒我一下,`2025-06-27 02:14:50,待办,购物,挑选节日礼品,,,是,0,`2025-06-28 15:00:00,,`2025-06-28 15:00:00,否,,,
下周一全天展会,`2025-06-27 02:16:22,日程,展会,展会,,,是,0,`2025-06-30 08:00:00,`2025-06-30 20:00:00,,否,,,
周四上午10点客服系统升级方案研讨会,`2025-06-27 02:27:49,日程,会议,客服系统升级方案研讨会,,,是,0,`2025-07-03 10:00:00,,,否,,,
周六上午九点半整理归档财务凭证,`2025-06-27 02:38:31,日程,工作,整理归档财务凭证,,,是,0,`2025-06-28 09:30:00,,,否,,,
周五中午12点团队聚餐,`2025-06-27 03:39:22,日程,约见,团队聚餐,,,是,0,`2025-06-27 12:00:00,,,否,,,
下个月5号要整理书架，到时提醒我一下,`2025-06-27 04:31:22,待办,整理,整理书架,,,否,1,,,,否,,,
本月25号分析用户反馈优化建议讨论会,`2025-06-27 04:39:12,日程,会议,分析用户反馈优化建议讨论会,,,否,1,,,,否,,,
下周二全天核对供应商账单,`2025-06-27 05:43:10,日程,工作,核对供应商账单,,,是,0,`2025-07-01 08:00:00,`2025-07-01 20:00:00,,否,,,
下周日下午3点亲子活动,`2025-06-27 06:02:58,日程,活动,亲子活动,,,是,0,`2025-07-06 15:00:00,,,否,,,
大后天下午4点客户需求对接会,`2025-06-27 06:28:54,日程,会议,客户需求对接会,,,是,0,`2025-07-01 16:00:00,,,否,,,
明天下午4点取快递，提醒一下，到时提醒我一下,`2025-06-27 06:51:28,待办,购物,取快递,,,是,0,`2025-06-28 16:00:00,,`2025-06-28 16:00:00,否,,,
周三上午10点半项目进度评审会,`2025-06-27 06:52:07,日程,会议,项目进度评审会,,,是,0,`2025-07-02 10:30:00,,,否,,,
下个月5号撰写季度总结,`2025-06-27 07:18:31,待办,工作,撰写季度总结,,,否,1,,,,否,,,
下周五全天客户投诉分析总结会,`2025-06-27 07:18:38,日程,会议,客户投诉分析总结会,,,是,0,`2025-07-04 08:00:00,`2025-07-04 20:00:00,,否,,,
帮我记下周日下午4点打网球，到时提醒我一下,`2025-06-27 07:54:35,日程,运动,打网球,,,是,0,`2025-07-06 16:00:00,,`2025-07-06 16:00:00,否,,,
周六早上8点团队建设协调会,`2025-06-27 08:11:15,日程,会议,团队建设协调会,,,是,0,`2025-06-28 08:00:00,,,否,,,
帮我记下周四晚上6点约王总吃饭,`2025-06-27 08:18:26,日程,约见,约王总吃饭,,王总,是,0,`2025-07-03 18:00:00,,,否,,,
周六全天年度战略规划研讨会,`2025-06-27 08:46:07,日程,会议,年度战略规划研讨会,,,是,0,`2025-06-28 08:00:00,`2025-06-28 20:00:00,,否,,,
明天下午4点有面试,`2025-06-27 10:12:59,日程,面试,有面试,,,是,0,`2025-06-28 16:00:00,,,否,,,
周四下午3点媒体采访,`2025-06-27 11:08:36,日程,会议,媒体采访,,,是,0,`2025-07-03 15:00:00,,,否,,,
后天下午三点撰写新闻稿,`2025-06-27 11:23:21,待办,工作,撰写新闻稿,,,是,0,`2025-06-29 15:00:00,,,否,,,
下周五全天市场推广资源分配会,`2025-06-27 11:28:59,日程,会议,市场推广资源分配会,,,是,0,`2025-07-04 08:00:00,`2025-07-04 20:00:00,,否,,,
后天下午三点调试直播间设备,`2025-06-27 11:31:21,日程,会议,调试直播间设备,,,是,0,`2025-06-29 15:00:00,,,否,,,
明天上午十点更新 CRM 系统客户信息,`2025-06-27 11:43:48,日程,工作,更新 CRM 系统客户信息,,,是,0,`2025-06-28 10:00:00,,,否,,,
本月31号数据安全管理工作会,`2025-06-27 12:06:26,日程,会议,数据安全管理工作会,,,否,0,,,,否,,,
明天中午12:30团队复盘总结会,`2025-06-27 12:20:16,日程,会议,团队复盘总结会,,,是,0,`2025-06-28 12:30:00,,,否,,,
本月31号线上营销活动复盘会,`2025-06-27 12:22:54,日程,会议,线上营销活动复盘会,,,否,1,,,,否,,,
下周四全天培训,`2025-06-27 12:50:14,日程,工作,培训,,,是,0,`2025-07-03 08:00:00,`2025-07-03 20:00:00,,否,,,
明天下午三点用户调研,`2025-06-27 13:22:02,日程,会议,用户调研,,,是,0,`2025-06-28 15:00:00,,,否,,,
下周五下午要见供应商,`2025-06-27 13:38:27,日程,约见,要见供应商,,供应商,否,1,,,,否,,,
周四下午3点半要见投资人,`2025-06-27 13:38:29,日程,约见,要见投资人,,投资人,是,0,`2025-07-03 15:30:00,,,否,,,
下周三下午2点选购办公用品，到时提醒我一下,`2025-06-27 13:48:46,待办,购物,选购办公用品,,,是,0,`2025-07-02 14:00:00,,`2025-07-02 14:00:00,否,,,
明天中午11:30约了牙医,`2025-06-27 14:05:53,日程,就医,约了牙医,,,是,0,`2025-06-28 11:30:00,,,否,,,
明晚6点部门聚餐,`2025-06-27 14:10:06,日程,应酬,部门聚餐,,,是,0,`2025-06-28 18:00:00,,,否,,,
本月20号宠物洗澡，到时提醒我一下,`2025-06-27 14:30:29,待办,健康,宠物洗澡,,,否,0,,,,否,,,
明天下午2点统计考勤信息,`2025-06-27 14:41:21,日程,工作,统计考勤信息,,,是,0,`2025-06-28 14:00:00,,,否,,,
下周三全天年度经营目标规划会议,`2025-06-27 15:33:07,日程,会议,年度经营目标规划会议,,,是,0,`2025-07-02 08:00:00,`2025-07-02 20:00:00,,否,,,
本月28号下午三点制定工作计划,`2025-06-27 16:27:06,日程,工作,制定工作计划,,,是,0,`2025-06-28 15:00:00,,,否,,,
本月最后一个工作日交报告，到时提醒我一下,`2025-06-27 16:28:52,待办,工作,交报告,,,否,1,,,,否,,,
后天下午三点产品迭代升级规划会,`2025-06-27 16:31:07,日程,会议,产品迭代升级规划会,,,是,0,`2025-06-29 15:00:00,,,否,,,
周五晚上7点约了老王吃饭,`2025-06-27 16:50:24,日程,约见,约了老王吃饭,,老王,是,0,`2025-06-27 19:00:00,,,否,,,
后天上午十点半研发进度沟通会,`2025-06-27 17:37:45,日程,会议,研发进度沟通会,,,是,0,`2025-06-29 10:30:00,,,否,,,
下周六全天施工检查,`2025-06-27 17:39:28,日程,工作,施工检查,,,是,0,`2025-07-05 08:00:00,`2025-07-05 20:00:00,,否,,,
下个月5号种植绿植，到时提醒我一下,`2025-06-27 17:42:38,待办,工作,种植绿植,,,否,0,,,,否,,,
明天早上7点晨跑，到时提醒我一下,`2025-06-27 18:05:40,待办,运动,晨跑,,,是,0,`2025-06-28 07:00:00,,`2025-06-28 07:00:00,否,,,
下周二下午3点购买数码配件，到时提醒我一下,`2025-06-27 18:44:20,待办,购物,购买数码配件,,,是,0,`2025-07-01 15:00:00,,`2025-07-01 15:00:00,否,,,
下周三全天绩效考核制度修订会议,`2025-06-27 18:47:57,日程,会议,绩效考核制度修订会议,,,是,0,`2025-07-02 08:00:00,`2025-07-02 20:00:00,,否,,,
明天晚上8点准备投标材料,`2025-06-27 19:04:13,待办,工作,准备投标材料,,,是,0,`2025-06-28 20:00:00,,,否,,,
下个月8号发版,`2025-06-27 19:04:38,日程,工作,发版,,,否,0,,,,否,,,
后天上午十一点销售渠道拓展策略会,`2025-06-27 19:40:28,日程,会议,销售渠道拓展策略会,,,是,0,`2025-06-29 11:00:00,,,否,,,
周日早上8点新业务拓展研讨会,`2025-06-27 19:55:27,日程,会议,新业务拓展研讨会,,,是,0,`2025-06-29 08:00:00,,,否,,,
下周四全天大模型规划,`2025-06-27 20:09:51,日程,工作,大模型规划,,,是,0,`2025-07-03 08:00:00,`2025-07-03 20:00:00,,否,,,
下周三中午12点午餐会,`2025-06-27 20:31:29,日程,约见,午餐会,,,是,0,`2025-07-02 12:00:00,,,否,,,
本月25号下午两点审议合同修订条款评审会,`2025-06-27 20:38:26,日程,会议,审议合同修订条款评审会,,,是,0,`2025-06-25 14:00:00,,,否,,,
下周四下午两点季度销售业绩复盘会,`2025-06-27 20:53:12,日程,会议,季度销售业绩复盘会,,,是,0,`2025-07-03 14:00:00,,,否,,,
记一下后天下午3到5点要见重要大客户,`2025-06-27 21:34:07,日程,约见,见重要大客户,,重要大客户,是,0,`2025-06-29 15:00:00,`2025-06-29 17:00:00,,否,,,
后天十点半产品升级研讨会,`2025-06-27 22:06:38,日程,会议,产品升级研讨会,,,是,0,`2025-06-29 10:30:00,,,否,,,
下周三全天电商平台运营策略讨论会,`2025-06-27 22:20:13,日程,会议,电商平台运营策略讨论会,,,是,0,`2025-07-02 08:00:00,`2025-07-02 20:00:00,,否,,,
本月31号季度总结,`2025-06-27 22:25:42,待办,工作,季度总结,,,否,2,,,,否,,,
本月27号项目进度管控推进会,`2025-06-27 22:40:22,日程,会议,项目进度管控推进会,,,否,1,,,,否,,,
下个月8号上午九点客户方案修改,`2025-06-27 22:54:19,日程,会议,客户方案修改,,,是,0,`2025-07-08 09:00:00,,,否,,,
下周三下午4点员工培训规划会,`2025-06-27 23:24:45,日程,会议,员工培训规划会,,,是,0,`2025-07-02 16:00:00,,,否,,,
明天上午十一点亮哥座谈会,`2025-06-28 00:01:12,日程,会议,亮哥座谈会,,亮哥,是,0,`2025-06-29 11:00:00,,,否,,,
下周五晚上六点销售激励政策讨论会,`2025-06-28 00:16:20,日程,会议,销售激励政策讨论会,,,是,0,`2025-07-04 18:00:00,,,否,,,
大后天上午10点要入职体检,`2025-06-28 00:28:03,日程,健康,入职体检,,,是,0,`2025-07-02 10:00:00,,,否,,,
本月28号还车贷，到时提醒我一下,`2025-06-28 00:58:46,待办,工作,还车贷,,,否,0,,,,否,,,
下周二全天优化搜索引擎关键词,`2025-06-28 02:01:52,日程,工作,优化搜索引擎关键词,,,是,0,`2025-07-01 08:00:00,`2025-07-01 20:00:00,,否,,,
后天中午十一点半接孩子,`2025-06-28 02:21:39,日程,约见,接孩子,,,是,0,`2025-06-30 11:30:00,,,否,,,
明天早上8点市场推广费用审核会议,`2025-06-28 04:32:49,日程,会议,市场推广费用审核会议,,,是,0,`2025-06-29 08:00:00,,,否,,,
记一下周五晚上7点地坛公园相亲,`2025-06-28 04:43:02,日程,约见,地坛公园相亲,地坛公园,,是,0,`2025-07-04 19:00:00,,,否,,,
下周四全天需求评审,`2025-06-28 04:50:00,日程,会议,需求评审,,,是,0,`2025-07-03 08:00:00,`2025-07-03 20:00:00,,否,,,
周五下午四点检修网络线路故障,`2025-06-28 06:55:39,日程,工作,检修网络线路故障,,,是,0,`2025-07-04 16:00:00,,,否,,,
本月15号清洗衣物，到时提醒我一下,`2025-06-28 06:59:11,待办,家务,清洗衣物,,,否,0,,,,否,,,
本月31号公司年会筹备策划会,`2025-06-28 07:42:58,日程,会议,公司年会筹备策划会,,,否,0,,,,否,,,
下周二全天邮寄包装快递样品,`2025-06-28 07:53:34,待办,物流,邮寄包装快递样品,,,是,0,`2025-07-01 08:00:00,`2025-07-01 20:00:00,,否,,,
帮我记下周日晚上7点购买儿童玩具，到时提醒我一下,`2025-06-28 07:56:40,待办,购物,购买儿童玩具,,,是,0,`2025-07-06 19:00:00,,`2025-07-06 19:00:00,否,,,
明天上午九点用户体验研究,`2025-06-28 08:07:03,日程,会议,用户体验研究,,,是,0,`2025-06-29 09:00:00,,,否,,,
下周日早上9点教堂活动,`2025-06-28 08:25:03,日程,活动,教堂活动,教堂,,是,0,`2025-07-06 09:00:00,,,否,,,
下周二全天拍摄产品宣传视频,`2025-06-28 08:35:30,日程,拍摄,拍摄产品宣传视频,,,是,0,`2025-07-01 08:00:00,`2025-07-01 20:00:00,,否,,,
帮我记下周五晚上7点半采购厨房调料，到时提醒我一下,`2025-06-28 08:50:49,待办,购物,采购厨房调料,,,是,0,`2025-07-04 19:30:00,,`2025-07-04 19:30:00,否,,,
本月25号交流技术难题解决方案会,`2025-06-28 09:04:30,日程,会议,交流技术难题解决方案,,,否,1,,,,否,,,
下周四中午12点参加商业party,`2025-06-28 09:10:07,日程,应酬,参加商业party,,,是,0,`2025-07-03 12:00:00,,,否,,,
周六下午2点约了老王去下棋,`2025-06-28 09:13:32,日程,约见,约了老王去下棋,,老王,是,0,`2025-06-28 14:00:00,,,否,,,
本月20号整理阳台，到时提醒我一下,`2025-06-28 09:24:20,待办,整理,整理阳台,,,否,0,,,,否,,,
下周三晚上7点家长委员交流会,`2025-06-28 09:37:10,日程,会议,家长委员交流会,,,是,0,`2025-07-02 19:00:00,,,否,,,
帮我记下下周一上午十点半项目成本控制分析会,`2025-06-28 09:50:31,日程,会议,项目成本控制分析会,,,是,0,`2025-06-30 10:30:00,,,否,,,
帮我记下下周三下午三点和投资人见面,`2025-06-28 09:55:55,日程,约见,和投资人见面,,投资人,是,0,`2025-07-02 15:00:00,,,否,,,
本月30号年度战略规划会,`2025-06-28 10:03:14,日程,会议,年度战略规划会,,,否,0,,,,否,,,
帮我安排明天早上8点的打篮球，到时提醒我一下,`2025-06-28 10:13:43,待办,运动,打篮球,,,是,0,`2025-06-29 08:00:00,,`2025-06-29 08:00:00,否,,,
后天下午三点准备产品质检材料,`2025-06-28 10:25:35,待办,资料,准备产品质检材料,,,是,0,`2025-06-30 15:00:00,,,否,,,
周五下午四点整理行业研究资料,`2025-06-28 10:39:16,待办,资料,整理行业研究资料,,,是,0,`2025-07-04 16:00:00,,,否,,,
下周六全天去野营,`2025-06-28 10:52:52,日程,出行,去野营,,,是,0,`2025-07-05 08:00:00,`2025-07-05 20:00:00,,否,,,
提醒我明天中午12点平板支撑，到时提醒我一下,`2025-06-28 11:25:19,待办,健康,平板支撑,,,是,0,`2025-06-29 12:00:00,,`2025-06-29 12:00:00,否,,,
明天早上审核报销单据,`2025-06-28 12:18:02,待办,工作,审核报销单据,,,否,1,,,,否,,,
本月最后一个周日整理背包，到时提醒我一下,`2025-06-28 12:28:44,待办,出行,整理背包,,,否,1,,,,否,,,
本月最后一天交报表，到时提醒我一下,`2025-06-28 13:23:04,待办,工作,交报表,,,否,1,,,,否,,,
本月29号上午十点系统测试,`2025-06-28 13:36:16,日程,会议,系统测试,,,是,0,`2025-06-29 10:00:00,,,否,,,
下周六全天去欢乐谷,`2025-06-28 13:55:32,日程,出行,去欢乐谷,欢乐谷,,是,0,`2025-07-05 08:00:00,`2025-07-05 20:00:00,,否,,,
本月30号评审广告创意方案会,`2025-06-28 14:31:01,日程,会议,评审广告创意方案会,,,否,1,,,,否,,,
下周五晚上6点周年庆,`2025-06-28 14:53:23,日程,活动,周年庆,,,是,0,`2025-07-04 18:00:00,,,否,,,
明天早上7点机场接人,`2025-06-28 15:37:34,日程,约见,机场接人,机场,,是,0,`2025-06-29 07:00:00,,,否,,,
周三下午3点半心理咨询,`2025-06-28 16:26:43,日程,就医,心理咨询,,,是,0,`2025-07-02 15:30:00,,,否,,,
本月30号维护公司官网内容,`2025-06-28 16:40:10,待办,工作,维护公司官网内容,,,否,1,,,,否,,,
下周四下午两点供应商合作洽谈会,`2025-06-28 16:41:21,日程,会议,供应商合作洽谈会,,,是,0,`2025-07-03 14:00:00,,,否,,,
周六下午2点挑选家居饰品，到时提醒我一下,`2025-06-28 17:05:18,待办,购物,挑选家居饰品,,,是,0,`2025-06-28 14:00:00,,`2025-06-28 14:00:00,否,,,
后天下午两点调试程序代码,`2025-06-28 18:12:41,日程,工作,调试程序代码,,,是,0,`2025-06-30 14:00:00,,,否,,,
下周一上午9点设计方案内部评审会,`2025-06-28 18:52:11,日程,会议,设计方案内部评审会,,,是,0,`2025-06-30 09:00:00,,,否,,,
明晚8点线上英语课程,`2025-06-28 18:52:25,日程,学习,线上英语课程,,,是,0,`2025-06-29 20:00:00,,,否,,,
本月31号审核广告投放文案,`2025-06-28 19:14:07,待办,工作,审核广告投放文案,,,否,1,,,,否,,,
帮我记下周五下午5点送孩子上课外班,`2025-06-28 19:14:41,待办,出行,送孩子上课外班,,孩子,是,0,`2025-07-04 17:00:00,,,否,,,
下周二上午十点设备采购选型会,`2025-06-28 19:46:40,日程,会议,设备采购选型会,,,是,0,`2025-07-01 10:00:00,,,否,,,
本月31号下午三点营销活动策划方案评审会,`2025-06-28 20:53:54,日程,会议,营销活动策划方案评审会,,,是,0,`2025-06-30 15:00:00,,,否,,,
周六上午9点志愿者活动,`2025-06-28 20:59:45,日程,活动,志愿者活动,,,是,0,`2025-06-28 09:00:00,,,否,,,
本月30号测试软件功能,`2025-06-28 21:04:53,日程,资料,测试软件功能,,,否,1,,,,否,,,
下周五全天品牌联名合作洽谈会,`2025-06-28 21:05:22,日程,会议,品牌联名合作洽谈会,,,是,0,`2025-07-04 08:00:00,`2025-07-04 20:00:00,,否,,,
后天下午两点制作季度销售报表,`2025-06-28 22:36:25,待办,工作,制作季度销售报表,,,是,0,`2025-06-30 14:00:00,,,否,,,
帮我记下下周二上午十点员工绩效考核方案评审会,`2025-06-28 22:37:15,日程,会议,员工绩效考核方案评审会,,,是,0,`2025-07-01 10:00:00,,,否,,,
下个月5号父亲生日,`2025-06-28 22:38:46,日程,家庭,父亲生日,,父亲,否,0,,,,否,,,
下周二全天营销活动策划会,`2025-06-28 22:45:20,日程,会议,营销活动策划会,,,是,0,`2025-07-01 08:00:00,`2025-07-01 20:00:00,,否,,,
本月28号整理客户资料，到时提醒我一下,`2025-06-28 23:07:20,待办,资料,整理客户资料,,,否,1,,,,否,,,
明天下午四点企业文化建设规划会,`2025-06-29 00:37:05,日程,会议,企业文化建设规划会,,,是,0,`2025-06-30 16:00:00,,,否,,,
明天下午两点处理售后问题,`2025-06-29 01:06:43,待办,工作,处理售后问题,,,是,0,`2025-06-30 14:00:00,,,否,,,
本月25号下午两点审查工程施工进度的会,`2025-06-29 01:26:55,日程,会议,审查工程施工进度的会,,,是,0,`2025-06-25 14:00:00,,,否,,,
下个月1号房租到期，到时提醒我一下,`2025-06-29 01:38:26,待办,生活,房租到期,,,否,0,,,,否,,,
周五晚上六点半团建聚餐,`2025-06-29 01:59:01,日程,约见,团建聚餐,,,是,0,`2025-07-04 18:30:00,,,否,,,
下周四全天量子力学研讨会,`2025-06-29 03:31:42,日程,会议,量子力学研讨会,,,是,0,`2025-07-03 08:00:00,`2025-07-03 20:00:00,,否,,,
提醒我下周四中午12点篮球投篮练习，到时提醒我一下,`2025-06-29 03:37:46,待办,运动,篮球投篮练习,,,是,0,`2025-07-03 12:00:00,,`2025-07-03 12:00:00,否,,,
明天下午三点年度预算讨论会,`2025-06-29 03:46:39,日程,会议,年度预算讨论会,,,是,0,`2025-06-30 15:00:00,,,否,,,
明天上午十一点见合作伙伴,`2025-06-29 03:51:48,日程,约见,见合作伙伴,,合作伙伴,是,0,`2025-06-30 11:00:00,,,否,,,
明天下午四点设备采购选型评审会,`2025-06-29 04:42:12,日程,会议,设备采购选型评审会,,,是,0,`2025-06-30 16:00:00,,,否,,,
周四晚上7点整理会议纪要,`2025-06-29 05:19:53,待办,资料,整理会议纪要,,,是,0,`2025-07-03 19:00:00,,,否,,,
明天早上9点送孩子上学,`2025-06-29 05:31:31,待办,出行,送孩子上学,,,是,0,`2025-06-30 09:00:00,,,否,,,
明天下午2点购买烘焙原料，到时提醒我一下,`2025-06-29 05:48:48,待办,购物,购买烘焙原料,,,是,0,`2025-06-30 14:00:00,,`2025-06-30 14:00:00,否,,,
明天十一点战略会议,`2025-06-29 06:00:06,日程,会议,战略会议,,,是,0,`2025-06-30 11:00:00,,,否,,,
下个月15号房贷还款日，到时提醒我一下,`2025-06-29 06:26:54,待办,工作,房贷还款,,,否,0,,,,否,,,
明天上午11点签合同,`2025-06-29 06:38:06,日程,会议,签合同,,,是,0,`2025-06-30 11:00:00,,,否,,,
后天下午三点制定员工培训计划,`2025-06-29 07:10:31,日程,工作,制定员工培训计划,,,是,0,`2025-07-01 15:00:00,,,否,,,
下周二下午2点提案会议,`2025-06-29 07:38:00,日程,会议,提案会议,,,是,0,`2025-07-01 14:00:00,,,否,,,
下周四全天盘点仓库库存,`2025-06-29 07:44:58,日程,工作,盘点仓库库存,,,是,0,`2025-07-03 08:00:00,`2025-07-03 20:00:00,,否,,,
本月31号市场竞品动态研讨会,`2025-06-29 08:16:59,日程,会议,市场竞品动态研讨会,,,否,0,,,,否,,,
后天早上八点足球比赛，到时提醒我一下,`2025-06-29 08:19:45,日程,运动,足球比赛,,,是,0,`2025-07-01 08:00:00,,`2025-07-01 07:55:00,否,,,
下周四早上九点升旗仪式,`2025-06-29 08:30:35,日程,会议,升旗仪式,,,是,0,`2025-07-03 09:00:00,,,否,,,
后天下午两点培训新员工业务流程,`2025-06-29 08:32:29,日程,培训,培训新员工业务流程,,,是,0,`2025-07-01 14:00:00,,,否,,,
下周二全天设计产品包装盒,`2025-06-29 08:48:28,日程,工作,设计产品包装盒,,,是,0,`2025-07-01 08:00:00,`2025-07-01 20:00:00,,否,,,
周三下午3点心理督导,`2025-06-29 09:44:18,日程,会议,心理督导,,,是,0,`2025-07-02 15:00:00,,,否,,,
周五全天产品包装设计方案评审会,`2025-06-29 10:25:07,日程,会议,产品包装设计方案评审会,,,是,0,`2025-07-04 08:00:00,`2025-07-04 20:00:00,,否,,,
周五下午4点购买家具，到时提醒我一下,`2025-06-29 10:37:16,待办,购物,购买家具,,,是,0,`2025-07-04 16:00:00,,`2025-07-04 16:00:00,否,,,
下周二全天行业峰会,`2025-06-29 12:10:51,日程,展会,行业峰会,,,是,0,`2025-07-01 08:00:00,`2025-07-01 20:00:00,,否,,,
下周二全天处理客户售后投诉,`2025-06-29 12:32:04,日程,工作,处理客户售后投诉,,,是,0,`2025-07-01 08:00:00,`2025-07-01 20:00:00,,否,,,
下周日下午4点亲子游泳,`2025-06-29 13:36:53,日程,运动,亲子游泳,,,是,0,`2025-07-06 16:00:00,,,否,,,
下周二全天需求梳理,`2025-06-29 13:48:10,日程,工作,需求梳理,,,是,0,`2025-07-01 08:00:00,`2025-07-01 20:00:00,,否,,,
下周四全天深圳展览会,`2025-06-29 13:58:53,日程,展会,深圳展览会,深圳,,是,0,`2025-07-03 08:00:00,`2025-07-03 20:00:00,,否,,,
本月28号月度复盘,`2025-06-29 14:05:49,日程,工作,月度复盘,,,否,1,,,,否,,,
下周四下午两点跨部门协作优化沟通会,`2025-06-29 14:15:04,日程,会议,跨部门协作优化沟通会,,,是,0,`2025-07-03 14:00:00,,,否,,,
明天中午12点和刘珊瑞吃饭,`2025-06-29 15:21:12,日程,约见,和刘珊瑞吃饭,,刘珊瑞,是,0,`2025-06-30 12:00:00,,,否,,,
下周四晚上7点家长开放日,`2025-06-29 16:25:09,日程,会议,家长开放日,,,是,0,`2025-07-03 19:00:00,,,否,,,
周六早上10点采购清洁工具，到时提醒我一下,`2025-06-29 17:40:49,待办,购物,采购清洁工具,,,是,0,`2025-07-05 10:00:00,,`2025-07-05 10:00:00,否,,,
明天下午两点约朋友聚餐,`2025-06-29 17:43:44,日程,约见,约朋友聚餐,,朋友,是,0,`2025-06-30 14:00:00,,,否,,,
周六上午九点研发成果转化推进会,`2025-06-29 17:45:05,日程,会议,研发成果转化推进会,,,是,0,`2025-07-05 09:00:00,,,否,,,
后天晚上7点团队建设沟通会,`2025-06-29 19:09:57,日程,会议,团队建设沟通会,,,是,0,`2025-07-01 19:00:00,,,否,,,
后天上午十一点质量问题整改落实会,`2025-06-29 19:47:55,日程,会议,质量问题整改落实会,,,是,0,`2025-07-01 11:00:00,,,否,,,
下个月10号更换窗帘，到时提醒我一下,`2025-06-29 20:06:15,待办,家务,更换窗帘,,,否,0,,,,否,,,
本月28号财务内控管理优化会议,`2025-06-29 20:19:57,日程,会议,财务内控管理优化会议,,,否,1,,,,否,,,
周四全天要出差参加行业研讨,`2025-06-29 20:26:37,日程,差旅,出差参加行业研讨,,,是,0,`2025-07-03 08:00:00,`2025-07-03 20:00:00,,否,,,
下周三全天设计宣传海报,`2025-06-29 20:44:37,日程,工作,设计宣传海报,,,是,0,`2025-07-02 08:00:00,`2025-07-02 20:00:00,,否,,,
下周三下午1点半进行工会代表座谈会,`2025-06-29 20:51:30,日程,会议,工会代表座谈会,,,是,0,`2025-07-02 13:30:00,,,否,,,
明天上午十一点述职汇报,`2025-06-29 20:52:30,日程,会议,述职汇报,,,是,0,`2025-06-30 11:00:00,,,否,,,
下周四全天技术创新项目启动会,`2025-06-29 21:41:05,日程,会议,技术创新项目启动会,,,是,0,`2025-07-03 08:00:00,`2025-07-03 20:00:00,,否,,,
下个月5号要购买日用品，到时提醒我一下,`2025-06-29 22:24:46,待办,购物,购买日用品,,,否,1,,,,否,,,
本月28号编写工作总结，到时提醒我一下,`2025-06-29 22:42:56,待办,工作,编写工作总结,,,否,0,,,,否,,,
明天中午十二点挑选美妆产品，到时提醒我一下,`2025-06-29 22:51:27,待办,购物,挑选美妆产品,,,是,0,`2025-06-30 12:00:00,,`2025-06-30 12:00:00,否,,,
后天下午2点到4点客户需求分析会,`2025-06-29 23:07:46,日程,会议,客户需求分析会,,,是,0,`2025-07-01 14:00:00,`2025-07-01 16:00:00,,否,,,
帮我记下下周二下午三点需求评审会议,`2025-06-29 23:32:38,日程,会议,需求评审会议,,,是,0,`2025-07-01 15:00:00,,,否,,,
明天下午2点阅读书籍，到时提醒我一下,`2025-06-29 23:35:40,待办,读书,阅读书籍,,,是,0,`2025-06-30 14:00:00,,`2025-06-30 14:00:00,否,,,
本月29号版本测试,`2025-06-29 23:58:35,日程,资料,版本测试,,,否,0,,,,否,,,
明天上午十一点小组周会,`2025-06-30 00:14:42,日程,会议,小组周会,,,是,0,`2025-07-01 11:00:00,,,否,,,
明天晚上8点线上入职培训,`2025-06-30 00:54:03,日程,会议,线上入职培训,,,是,0,`2025-07-01 20:00:00,,,否,,,
周六上午九点半制定下月工作计划,`2025-06-30 01:03:20,日程,工作,制定下月工作计划,,,是,0,`2025-07-05 09:30:00,,,否,,,
明天下午4点送文件,`2025-06-30 01:33:04,日程,资料,送文件,,,是,0,`2025-07-01 16:00:00,,,否,,,
记一下这周五下午4点长跑，到时提醒我一下,`2025-06-30 02:09:58,待办,运动,长跑,,,是,0,`2025-07-04 16:00:00,,`2025-07-04 16:00:00,否,,,
明天下午3点客户合作洽谈会,`2025-06-30 02:38:55,日程,会议,客户合作洽谈会,,,是,0,`2025-07-01 15:00:00,,,否,,,
下个月5号信用卡还款，提醒一下,`2025-06-30 03:21:47,待办,健康,信用卡还款,,,否,0,,,,否,,,
后天下午三点制作 PPT 演示文稿,`2025-06-30 03:38:55,待办,工作,制作 PPT 演示文稿,,,是,0,`2025-07-02 15:00:00,,,否,,,
帮我记下周五中午12点约了猎头,`2025-06-30 05:02:20,日程,约见,约了猎头,,猎头,是,0,`2025-07-04 12:00:00,,,否,,,
下周四下午两点客户需求深度分析会,`2025-06-30 05:06:14,日程,会议,客户需求深度分析会,,,是,0,`2025-07-10 14:00:00,,,否,,,
提醒我下周五下午2点游泳训练,`2025-06-30 05:26:52,待办,运动,游泳训练,,,是,0,`2025-07-11 14:00:00,,,否,,,
周五下午四点设计员工工牌样式,`2025-06-30 05:46:50,日程,设计,设计员工工牌样式,,,是,0,`2025-07-04 16:00:00,,,否,,,
下周一全天安装办公软件更新包,`2025-06-30 05:50:59,日程,工作,安装办公软件更新包,,,是,0,`2025-07-07 08:00:00,`2025-07-07 20:00:00,,否,,,
周日早上制作产品报价,`2025-06-30 05:59:46,待办,工作,制作产品报价,,,否,1,,,,否,,,
下周五全天外出考察,`2025-06-30 06:29:39,日程,出行,外出考察,,,是,0,`2025-07-11 08:00:00,`2025-07-11 20:00:00,,否,,,
下周二全天制作员工绩效考核表,`2025-06-30 07:57:12,日程,工作,制作员工绩效考核表,,,是,0,`2025-07-08 08:00:00,`2025-07-08 20:00:00,,否,,,
本月28号下午三点数据看板更新,`2025-06-30 08:12:08,日程,资料,数据看板更新,,,是,0,`2025-06-28 15:00:00,,,否,,,
明天下午三点清洗水杯，到时提醒我一下,`2025-06-30 08:14:15,待办,健康,清洗水杯,,,是,0,`2025-07-01 15:00:00,,`2025-07-01 15:00:00,否,,,
后天中午12点牙医复诊,`2025-06-30 08:59:03,日程,就医,牙医复诊,,,是,0,`2025-07-02 12:00:00,,,否,,,
下周一下午3点badcase复盘会,`2025-06-30 09:06:08,日程,会议,badcase复盘会,,,是,0,`2025-07-07 15:00:00,,,否,,,
帮我记下周三下午3点要见客户,`2025-06-30 09:41:56,日程,约见,要见客户,,客户,是,0,`2025-07-09 15:00:00,,,否,,,
下周一全天用户体验交流,`2025-06-30 09:47:59,日程,会议,用户体验交流,,,是,0,`2025-07-07 08:00:00,`2025-07-07 20:00:00,,否,,,
下周一全天产品失败总结复盘,`2025-06-30 10:17:09,日程,会议,产品失败总结复盘,,,是,0,`2025-07-07 08:00:00,`2025-07-07 20:00:00,,否,,,
明天早上8点专利申报策略规划会议,`2025-06-30 10:46:46,日程,会议,专利申报策略规划会议,,,是,0,`2025-07-01 08:00:00,,,否,,,
下周一早上8点颐和园游玩,`2025-06-30 10:52:18,日程,出行,颐和园游玩,颐和园,,是,0,`2025-07-07 08:00:00,,,否,,,
周四下午两点到四点半用户测试会议,`2025-06-30 10:53:17,日程,会议,用户测试会议,,,是,0,`2025-07-03 14:00:00,`2025-07-03 16:30:00,,否,,,
本月15号发工资,`2025-06-30 11:13:52,待办,工作,发工资,,,否,1,,,,否,,,
下周三上午有个安全生产专项部署会,`2025-06-30 12:06:32,日程,会议,安全生产专项部署会,,,否,1,,,,否,,,
下周三下午四点市场策略协调会,`2025-06-30 12:19:47,日程,会议,市场策略协调会,,,是,0,`2025-07-09 16:00:00,,,否,,,
下周二全天布置公司活动场地,`2025-06-30 12:46:39,日程,工作,布置公司活动场地,,,是,0,`2025-07-08 08:00:00,`2025-07-08 20:00:00,,否,,,
本月29号客户拜访，收集改进建议,`2025-06-30 12:50:41,日程,约见,客户拜访，收集改进建议,,客户,否,0,,,,否,,,
下周三全天新产品研发立项评审会,`2025-06-30 12:56:32,日程,会议,新产品研发立项评审会,,,是,0,`2025-07-09 08:00:00,`2025-07-09 20:00:00,,否,,,
后天中午11点半带孩子去博物馆,`2025-06-30 13:10:28,日程,出行,带孩子去博物馆,博物馆,孩子,是,0,`2025-07-02 11:30:00,,,否,,,
下周四全天设备维护保养工作会,`2025-06-30 13:16:04,日程,会议,设备维护保养工作会,,,是,0,`2025-07-10 08:00:00,`2025-07-10 20:00:00,,否,,,
下周四晚上7点王姨介绍的相亲,`2025-06-30 14:24:25,日程,约见,王姨介绍的相亲,,王姨,是,0,`2025-07-10 19:00:00,,,否,,,
后天晚上6点半家长群会议,`2025-06-30 14:29:35,日程,会议,家长群会议,,,是,0,`2025-07-02 18:30:00,,,否,,,
下周五下午3点新车提车,`2025-06-30 14:56:31,日程,出行,新车提车,,,是,0,`2025-07-11 15:00:00,,,否,,,
本月31号人才梯队建设研讨会,`2025-06-30 15:05:33,日程,会议,人才梯队建设研讨会,,,否,0,,,,否,,,
下周四全天跨部门沟通,`2025-06-30 15:09:05,日程,会议,跨部门沟通,,,是,0,`2025-07-10 08:00:00,`2025-07-10 20:00:00,,否,,,
下周六全天环球影城一日游，到时提醒我一下,`2025-06-30 15:22:06,日程,出行,环球影城一日游,环球影城,,是,0,`2025-07-12 08:00:00,`2025-07-12 20:00:00,`2025-07-12 08:00:00,否,,,
下周二上午10:30-12:00投资人会议,`2025-06-30 15:25:54,日程,会议,投资人会议,,,是,0,`2025-07-08 10:30:00,`2025-07-08 12:00:00,,否,,,
周五晚上7点约了饭局,`2025-06-30 15:51:52,日程,应酬,约了饭局,,,是,0,`2025-07-04 19:00:00,,,否,,,
下周一全天需求收集会,`2025-06-30 16:39:26,日程,会议,需求收集会,,,是,0,`2025-07-07 08:00:00,`2025-07-07 20:00:00,,否,,,
周五下午1点离职手续，提醒我一下,`2025-06-30 16:46:17,待办,工作,离职手续,,,是,0,`2025-07-04 13:00:00,,`2025-07-04 13:00:00,否,,,
下周日中午12点家庭聚餐,`2025-06-30 18:02:17,日程,家庭,家庭聚餐,,,是,0,`2025-07-13 12:00:00,,,否,,,
帮我记下周四晚上8点线上课程,`2025-06-30 18:09:49,日程,学习,线上课程,,,是,0,`2025-07-10 20:00:00,,,否,,,
下周三上午九点原型设计评审,`2025-06-30 18:14:44,日程,会议,原型设计评审,,,是,0,`2025-07-09 09:00:00,,,否,,,
下周二全天洽谈合作合同细节,`2025-06-30 18:58:29,日程,会议,洽谈合作合同细节,,,是,0,`2025-07-08 08:00:00,`2025-07-08 20:00:00,,否,,,
后天九点专利申报工作部署会,`2025-06-30 19:04:07,日程,会议,专利申报工作部署会,,,是,0,`2025-07-02 09:00:00,,,否,,,
下周三全天新员工培训,`2025-06-30 19:15:53,日程,工作,新员工培训,,,是,0,`2025-07-09 08:00:00,`2025-07-09 20:00:00,,否,,,
提醒我一下明天下午3点哑铃推举,`2025-06-30 19:34:08,待办,运动,哑铃推举,,,是,0,`2025-07-01 15:00:00,,,否,,,
下周二全天处理员工请假申请,`2025-06-30 20:45:16,日程,工作,处理员工请假申请,,,是,0,`2025-07-08 08:00:00,`2025-07-08 20:00:00,,否,,,
周四上午九点职业发展通道设计会议,`2025-06-30 20:58:00,日程,会议,职业发展通道设计会议,,,是,0,`2025-07-03 09:00:00,,,否,,,
下周四全天客户分级管理方案评审会,`2025-06-30 21:29:18,日程,会议,客户分级管理方案评审会,,,是,0,`2025-07-10 08:00:00,`2025-07-10 20:00:00,,否,,,
明天上午十点员工绩效评审会,`2025-06-30 22:15:40,日程,会议,员工绩效评审会,,,是,0,`2025-07-01 10:00:00,,,否,,,
下周一上午10点签约,`2025-06-30 22:35:14,日程,会议,签约,,,是,0,`2025-07-07 10:00:00,,,否,,,
下周一早上9点参观天安门,`2025-06-30 23:04:57,日程,出行,参观天安门,天安门,,是,0,`2025-07-07 09:00:00,,,否,,,
下个月10号打扫厨房，到时提醒我一下,`2025-06-30 23:07:34,待办,家务,打扫厨房,,,否,0,,,,否,,,
下周四下午两点新产品研发启动会,`2025-06-30 23:29:05,日程,会议,新产品研发启动会,,,是,0,`2025-07-10 14:00:00,,,否,,,
周五下午四点办公流程标准化讨论会,`2025-06-30 23:29:44,日程,会议,办公流程标准化讨论会,,,是,0,`2025-07-04 16:00:00,,,否,,,
明天上午十一点roadmap评审,`2025-06-30 23:39:02,日程,会议,roadmap评审,,,是,0,`2025-07-01 11:00:00,,,否,,,
后天早上调试设备系统,`2025-06-30 23:42:28,待办,工作,调试设备系统,,,否,0,,,,否,,,
后天下午1点半技术方案对接会,`2025-06-30 23:43:12,日程,会议,技术方案对接会,,,是,0,`2025-07-02 13:30:00,,,否,,,
明天上午十一点校对图书稿件错别字,`2025-06-30 23:59:12,日程,工作,校对图书稿件错别字,,,是,0,`2025-07-01 11:00:00,,,否,,,
每周一上午9点站会，截止到今年底,`2025-07-02 19:52:12,日程,会议,每周一上午9点站会,,,是,0,`2025-07-06 09:00:00,`2025-07-06 10:00:00,,是,周,1,2025-12-31 23:59:59
每月5号上午10点交房贷，截止到今年底,`2025-07-02 19:52:12,待办,工作,交房贷,,,是,0,`2025-07-05 10:00:00,,,是,月,5,2025-12-31
