query_hist,current_time,memory_type,memory_subtype,content,place,related_person,start_time,end_time,remind_time,is_repeat_time,repeat_freq,repeat_value,repeat_last_time,start_time_chinese,end_time_chinese,remind_time_chinese
用户:今天2点要去看牙医; 你:2点到3点已经安排了健身课。看牙医要改个时间吗？; 用户:改成今天中午12点吧; 你:好的，大概需要多久啊？; 用户:差不多一小时吧; 你:提前半小时提醒你，可以吗？; 用户:好的,`2025-06-24 03:32:18,日程,医疗,去看牙医,,,`2025-06-24 12:00:00,`2025-06-24 13:00:00,`2025-06-24 11:30:00,否,,,,今天中午12点,今天中午1点,今天中午11点30分
用户:明天9点有个读书会，记录一下; 你:明天9点到10点已经有健身计划了。读书会要换个时间吗？; 用户:改到明天9点。; 你:好嘞，提前15分钟叫你，行不？; 用户:ok,`2025-06-24 03:32:18,日程,学习,有个读书会,,,`2025-06-25 09:00:00,,`2025-06-25 08:45:00,否,,,,明天9点,,提前15分钟
用户:后天下午两点有个读书会要参加; 你:后天下午两点到四点已经安排运动了。读书会要换个时间吗？; 用户:改到后天14点; 你:好的，会持续多久啊？; 用户:大概2小时吧; 你:提前1小时叫你，成不？; 用户:ok,`2025-06-24 03:32:18,日程,聚会,参加读书会,,,`2025-06-26 14:00:00,`2025-06-26 16:00:00,`2025-06-26 13:00:00,否,,,,后天14点,后天16点,后天13点
用户:周一13点有个展会; 你:周一13点到14点已经约好医生体检了。参加展会要换个时间吗？; 用户:改到周一14点。; 你:什么时间提醒你？; 用户:提前半小时提醒我,`2025-06-24 03:32:18,日程,展会,有个展会,,,`2025-06-30 14:00:00,,`2025-06-30 13:30:00,否,,,,周一14点,,提前半小时
用户:周二晚上8点有个展会要参加; 你:好的，什么时间提醒你？; 用户:提前1小时提醒我,`2025-06-24 03:32:18,日程,展会,有个展会要参加,,,`2025-06-24 20:00:00,,`2025-06-24 19:00:00,否,,,,周二晚上8点,,提前1小时
用户:周三8点要去开项目会议; 你:好的，什么时间提醒你？; 用户:提前15分钟提醒我,`2025-06-24 03:32:18,日程,会议,去开项目会议,,,`2025-06-25 08:00:00,,`2025-06-25 07:45:00,否,,,,周三8点,,周三7点45分
用户:周四8点要去健身; 你:周四8点到9点已经有读书会了。健身要换个时间吗？; 用户:改到周四20点。; 你:好的，会持续多久啊？; 用户:大概1小时吧。; 你:什么时间提醒你？; 用户:提前1小时提醒我,`2025-06-24 03:32:18,日程,运动,去健身,,,`2025-06-26 20:00:00,`2025-06-26 21:00:00,`2025-06-26 19:00:00,否,,,,周四20点,周四21点,周四19点
用户:周五10点有个健身课; 你:周五10点到11点已经安排家庭聚餐了。健身课要换个时间吗？; 用户:改到周五12点。; 你:什么时间提醒你？; 用户:提前15分钟提醒我,`2025-06-24 03:32:18,日程,运动,健身课,,,`2025-06-27 12:00:00,,`2025-06-27 11:45:00,否,,,,周五12点,,提前15分钟
用户:周六早上8点有个应酬，记录一下; 你:周六早上8点到9点已经有健身安排。这个应酬要换个时间吗？; 用户:不用换; 你:好嘞，提前3小时叫你，行不？; 用户:ok,`2025-06-24 03:32:18,日程,应酬,有个应酬,,,`2025-06-28 08:00:00,,`2025-06-28 05:00:00,否,,,,周六早上8点,,周六早上5点
用户:周日6点有个应酬，帮我记一下; 你:周日6点到7点已经有健身计划了。应酬要换个时间吗？; 用户:改到周日18点。; 你:好的，大概要多久啊？; 用户:大概2小时吧。; 你:提前3小时提醒你，可以吗？; 用户:行,`2025-06-24 03:32:18,日程,应酬,应酬,,,`2025-06-29 18:00:00,`2025-06-29 20:00:00,`2025-06-29 15:00:00,否,,,,周日18点,周日20点,周日15点
用户:周日晚上7点要去看演唱会; 你:周日晚上7点那会儿小张约了打球。演唱会要改个时间吗？; 用户:不用改; 你:什么时间提醒你？; 用户:提前15分钟提醒我,`2025-06-24 03:32:18,日程,演唱会,去看演唱会,,,`2025-06-29 19:00:00,,`2025-06-29 18:45:00,否,,,,周日晚上7点,,提前15分钟
用户:下周一9点有个展会，帮我记一下; 你:下周一9点到10点已经安排了医院体检。展会要换个时间吗？; 用户:改到下周一11点。; 你:好的，大概要持续多久啊？; 用户:大概1小时吧。; 你:提前3小时叫你，成不？; 用户:ok,`2025-06-24 03:32:18,日程,展会,有个展会,,,`2025-06-30 11:00:00,`2025-06-30 12:00:00,`2025-06-30 08:00:00,否,,,,下周一11点,下周一12点,下周一8点
用户:下周二下午3点有个展会，帮我记一下; 你:好的，什么时间提醒你？; 用户:提前1小时提醒我,`2025-06-24 03:32:18,日程,展会,有个展会,,,`2025-07-01 15:00:00,,`2025-07-01 14:00:00,否,,,,下周二下午3点,,下周二下午2点
用户:下周二晚上8点有个客户会议，帮我记一下; 你:下周二20点到21点时间段已经在健身了。这个会议要换个时间吗？; 用户:改到下周三20点。; 你:好的，这个会议大概要开多久啊？; 用户:大概2小时吧。; 你:提前15分钟提醒你可以吗？; 用户:好的,`2025-06-24 03:32:18,日程,会议,有个客户会议,,客户,`2025-07-02 20:00:00,`2025-07-02 22:00:00,`2025-07-02 19:45:00,否,,,,下周三20点,下周三22点,下周三19点45分
用户:下周二中午12点有个体检要记录一下; 你:下周二12点到下午1点已经有健身课了。体检要换个时间吗？; 用户:改到下周四12点。; 你:好的，会持续多久啊？; 用户:大概2小时吧。; 你:提前3小时叫你，成不？; 用户:ok,`2025-06-24 03:32:18,日程,医疗,体检,,,`2025-07-03 12:00:00,`2025-07-03 14:00:00,`2025-07-03 09:00:00,否,,,,下周四12点,下周四2点,下周四9点
用户:下周四晚上8点有个工作会议，记录一下; 你:下周四20点到21点已经有项目复盘会了。工作会议要换个时间吗？; 用户:改到下周五20点吧; 你:好的，需要持续多久啊？; 用户:大概2小时吧; 你:提前2小时叫你，可以吗？; 用户:ok,`2025-06-24 03:32:18,日程,会议,工作会议,,,`2025-07-04 20:00:00,`2025-07-04 22:00:00,`2025-07-04 18:00:00,否,,,,下周五20点,下周五22点,下周五18点
用户:下周六下午4点有个客户会议，帮我记一下; 你:下周六下午4点到6点已经安排了健身计划。这个客户会议要改个时间吗？; 用户:改成下周六下午5点吧; 你:好的，会开多长时间啊？; 用户:大概2小时吧; 你:提前3小时提醒你可以吗？; 用户:行,`2025-06-24 03:32:18,日程,会议,有个客户会议,,客户,`2025-07-05 17:00:00,`2025-07-05 19:00:00,`2025-07-05 14:00:00,否,,,,下周六下午5点,下周六下午7点,下周六下午2点
用户:下周日14点有个读书会; 你:好的，会持续多久啊？; 用户:大概3小时吧。; 你:什么时间提醒你？; 用户:提前1小时提醒我,`2025-06-24 03:32:18,日程,学习,有个读书会,,,`2025-07-06 14:00:00,`2025-07-06 17:00:00,`2025-07-06 13:00:00,否,,,,下周日14点,下周日17点,下周日13点
用户:下周天15点想去看展会记录一下; 你:好的，会持续多久啊？; 用户:大概1小时吧。; 你:什么时间提醒你？; 用户:提前1小时提醒我,`2025-06-24 03:32:18,日程,展会,去看展会,,,`2025-07-06 15:00:00,`2025-07-06 16:00:00,`2025-07-06 14:00:00,否,,,,下周天15点,下周天16点,下周天14点
用户:今天下午1点要去看医生; 你:今天下午1点到2点已经安排购物了。看医生要换个时间吗？; 用户:不用换了。; 你:好嘞，提前1小时叫你，行不？; 用户:好的,`2025-06-25 01:33:19,日程,医疗,去看医生,,,`2025-06-25 13:00:00,,`2025-06-25 12:00:00,否,,,,今天下午1点,,今天中午12点
用户:明天10点有个健身课，帮我记一下; 你:明天10点到11点已经有读书会了。健身课要换个时间吗？; 用户:改到明天18点; 你:好的，会持续多久啊？; 用户:大概2小时吧; 你:提前1小时叫你，成不？; 用户:ok,`2025-06-25 01:33:19,日程,运动,健身课,,,`2025-06-26 18:00:00,`2025-06-26 20:00:00,`2025-06-26 17:00:00,否,,,,明天18点,明天20点,明天17点
用户:后天下午5点有个会议，帮我记一下; 你:后天5点到6点已经安排了健身课。会议要改个时间吗？; 用户:不改了，就按原计划; 你:好的，会议大概持续多久啊？; 用户:大概2小时吧; 你:提前1小时提醒你，可以吗？; 用户:没问题,`2025-06-25 01:33:19,日程,会议,有个会议,,,`2025-06-27 17:00:00,`2025-06-27 19:00:00,`2025-06-27 16:00:00,否,,,,后天下午5点,后天晚上7点,后天下午4点
用户:周一18点要去看牙医; 你:好的，会持续多久啊？; 用户:大概2小时吧。; 你:什么时间提醒你？; 用户:提前1小时提醒我,`2025-06-25 01:33:19,日程,医疗,去看牙医,,,`2025-06-30 18:00:00,`2025-06-30 20:00:00,`2025-06-30 17:00:00,否,,,,周一18点,周一20点,周一17点
用户:周二下午2点有个客户会议; 你:好的，什么时间提醒你？; 用户:提前3小时提醒我,`2025-06-25 01:33:19,日程,会议,有个客户会议,,客户,`2025-07-01 14:00:00,,`2025-07-01 11:00:00,否,,,,周二下午2点,,提前3小时
用户:周三11点有个展会，记录一下; 你:周三11点到12点已经有工作会议了。展会要换个时间吗？; 用户:改到周三11点。; 你:好的，会持续多久啊？; 用户:大概2小时吧。; 你:提前15分钟叫你，成不？; 用户:ok,`2025-06-25 01:33:19,日程,展会,有个展会,,,`2025-06-25 11:00:00,`2025-06-25 13:00:00,`2025-06-25 10:45:00,否,,,,周三11点,周三1点,周三10点45分
用户:周四18点有个健身课，帮我记一下; 你:周四18点到19点已经有项目会议了。健身课要换个时间吗？; 用户:改到周四8点; 你:好的，会持续多久啊？; 用户:大概1小时吧; 你:提前15分钟叫你，成不？; 用户:ok,`2025-06-25 01:33:19,日程,运动,健身课,,,`2025-06-26 08:00:00,`2025-06-26 09:00:00,`2025-06-26 07:45:00,否,,,,周四8点,周四9点,周四7点45分
用户:周五11点要去看牙医; 你:周五11点到12点已经安排了健身课。看牙医要改个时间吗？; 用户:改到周五13点。; 你:什么时间提醒你？; 用户:提前3小时提醒我,`2025-06-25 01:33:19,日程,医疗,去看牙医,,,`2025-06-27 13:00:00,,`2025-06-27 10:00:00,否,,,,周五13点,,提前3小时
用户:周六18点有个工作会议，记录一下; 你:周六上午18点到19点已经有健身计划了。工作会议要换个时间吗？; 用户:改到周六11点; 你:好的，会持续多久啊？; 用户:大概1小时吧; 你:提前1小时叫你，成不？; 用户:ok,`2025-06-25 01:33:19,日程,会议,工作会议,,,`2025-06-28 11:00:00,`2025-06-28 12:00:00,`2025-06-28 10:00:00,否,,,,周六11点,周六12点,周六10点
用户:周日16点有个读书会，帮我记一下; 你:周日16点到17点已经有健身课了。读书会要换个时间吗？; 用户:改到周日16点。; 你:好的，会持续多久啊？; 用户:大概2小时吧。; 你:提前半小时叫你，成不？; 用户:ok,`2025-06-25 01:33:19,日程,聚会,有个读书会,,,`2025-06-29 16:00:00,`2025-06-29 18:00:00,`2025-06-29 15:30:00,否,,,,周日16点,周日18点,周日15点30分
用户:周日10点有个读书会，记录一下; 你:周日10点到11点已经有健身课了。读书会要换个时间吗？; 用户:改到周天12点; 你:好的，会持续多久啊？; 用户:大概2小时吧; 你:提前半小时叫你，成不？; 用户:好,`2025-06-25 01:33:19,日程,学习,有个读书会,,,`2025-06-29 12:00:00,`2025-06-29 14:00:00,`2025-06-29 11:30:00,否,,,,周天12点,周天2点,周天11点30分
用户:下周一14点有个工作面试; 你:好的，会持续多久啊?; 用户:大概1小时吧; 你:什么时间提醒你?; 用户:提前1小时提醒我,`2025-06-25 01:33:19,日程,面试,工作面试,,,`2025-06-30 14:00:00,`2025-06-30 15:00:00,`2025-06-30 13:00:00,否,,,,下周一14点,下周一15点,下周一13点
用户:下周二9点有个部门会议要开; 你:好的，会持续多久啊？; 用户:大概1小时吧。; 你:什么时间提醒你？; 用户:提前1小时提醒我,`2025-06-25 01:33:19,日程,会议,有个部门会议要开,,,`2025-07-01 09:00:00,`2025-07-01 10:00:00,`2025-07-01 08:00:00,否,,,,下周二9点,下周二10点,下周二8点
用户:下周三9点要去看牙医; 你:下周三9点到10点已经有健身课安排了。看牙医要换个时间吗？; 用户:改到下周三下午2点吧; 你:提前2小时叫你，可以吗？; 用户:好的,`2025-06-25 01:33:19,日程,医疗,去看牙医,,,`2025-07-02 14:00:00,,`2025-07-02 12:00:00,否,,,,下周三下午2点,,提前2小时
用户:下周四17点有个读书会，帮我记一下; 你:下周四17点到18点已经有健身课了。读书会要换个时间吗？; 用户:改到下周四19点吧。; 你:好的，会持续多久啊？; 用户:大概2小时吧。; 你:提前3小时叫你，成不？; 用户:ok,`2025-06-25 01:33:19,日程,学习,有个读书会,,,`2025-07-03 19:00:00,`2025-07-03 21:00:00,`2025-07-03 16:00:00,否,,,,下周四19点,下周四21点,下周四16点
用户:下周五3点要去看牙医，帮我记一下; 你:下周五3点到4点已经有健身课安排。看牙医要换个时间吗？; 用户:改到下周五15点。; 你:好的，会持续多久啊？; 用户:大概2小时吧。; 你:提前1小时叫你，成不？; 用户:成,`2025-06-25 01:33:19,日程,医疗,去看牙医,,,`2025-07-04 15:00:00,`2025-07-04 17:00:00,`2025-07-04 14:00:00,否,,,,下周五15点,下周五17点,下周五14点
用户:周六10点有个健身安排，帮我记一下; 你:周六10点到12点已经有就医预约了。健身要换个时间吗？; 用户:改到下周六10点。; 你:好的，会持续多久啊？; 用户:大概2小时吧。; 你:提前2小时叫你，成不？; 用户:ok,`2025-06-25 01:33:19,日程,运动,健身安排,,,`2025-07-05 10:00:00,`2025-07-05 12:00:00,`2025-07-05 08:00:00,否,,,,下周六10点,下周六12点,下周六8点
用户:下周日晚上8点有个工作会议，记录一下; 你:好的，会持续多久啊？; 用户:大概2小时吧。; 你:什么时间提醒你？; 用户:提前1小时提醒我,`2025-06-25 01:33:19,日程,会议,有个工作会议,,,`2025-07-06 20:00:00,`2025-07-06 22:00:00,`2025-07-06 19:00:00,否,,,,下周日晚上8点,下周日晚上10点,下周日晚上7点
用户:下周日13点有个客户会议，记一下; 你:下周日13点到14点已经安排了健身课程。客户会议要换个时间吗？; 用户:不用换，就这个时间; 你:好的，提前1小时提醒你成不？; 用户:可以,`2025-06-25 01:33:19,日程,会议,有个客户会议,,客户,`2025-07-06 13:00:00,,`2025-07-06 12:00:00,否,,,,下周日13点,,提前1小时
用户:今天10点有个会议，帮我记下来; 你:10点到11点已经有培训安排了。会议要换个时间吗？; 用户:改到下午2点吧; 你:好的，会持续多久啊？; 用户:大概1小时吧; 你:提前2小时叫你，成不？; 用户:ok,`2025-06-26 01:21:47,日程,会议,有个会议,,,`2025-06-26 14:00:00,`2025-06-26 15:00:00,`2025-06-26 10:00:00,否,,,,今天下午2点,今天下午3点,今天上午10点
用户:明天8点要去看牙医; 你:明天8点到9点已经约了健身教练。看牙医要换个时间吗？; 用户:就明天晚上8点吧; 你:好的，大概要多久呢？; 用户:差不多1小时吧; 你:提前15分钟提醒你，可以吗？; 用户:好的,`2025-06-26 01:21:47,日程,医疗,去看牙医,,,`2025-06-27 20:00:00,`2025-06-27 21:00:00,`2025-06-27 19:45:00,否,,,,明天晚上8点,明天晚上9点,明天晚上7点45分
用户:明天早上8点有个体检要记一下; 你:明天早上8点已经有健身计划了。体检要换个时间吗？; 用户:改成后天8点吧; 你:什么时间提醒你？; 用户:提前15分钟提醒我,`2025-06-26 01:21:47,日程,医疗,有个体检,,,`2025-06-28 08:00:00,,`2025-06-28 07:45:00,否,,,,后天8点,,后天7点45分
用户:周一9点有个客户会议，帮忙记一下; 你:周一9点到10点已经有团队晨会安排了。客户会议要换个时间吗？; 用户:改到周二上午10点半吧。; 你:什么时间提醒你？; 用户:提前3小时提醒我,`2025-06-26 01:21:47,日程,会议,有个客户会议,,客户,`2025-07-01 10:30:00,,`2025-07-01 07:30:00,否,,,,周二上午10点半,,提前3小时
用户:下周二下午4点有个展会，帮我记一下; 你:下周二下午4点到5点已经约了健身。展会要换个时间吗？; 用户:改到这周二16点。; 你:好的，会持续多久啊？; 用户:大概1小时吧。; 你:提前3小时叫你，成不？; 用户:ok,`2025-06-23 01:21:47,日程,展会,有个展会,,,`2025-06-24 16:00:00,`2025-06-24 17:00:00,`2025-06-24 13:00:00,否,,,,这周二16点,这周二17点,这周二13点
用户:下周三下午两点要去看牙医; 你:下周三下午两点到三点已经有健身课了。看牙医要换个时间吗？; 用户:改到这周三14点。; 你:好的，会持续多久啊？; 用户:大概1小时吧。; 你:提前15分钟叫你，成不？; 用户:ok,`2025-06-23 01:21:47,日程,医疗,去看牙医,,,`2025-06-25 14:00:00,`2025-06-25 15:00:00,`2025-06-25 13:45:00,否,,,,这周三14点,这周三15点,这周三13点45分
用户:下周四11点有个读书会，记录一下; 你:下周四11点到12点已经有健身课了。读书会要换个时间吗？; 用户:改到这周四11点。; 你:好的，提前3小时叫你，成不？; 用户:ok,`2025-06-23 01:21:47,日程,学习,有个读书会,,,`2025-06-26 11:00:00,,`2025-06-26 08:00:00,否,,,,这周四11点,,提前3小时
用户:下周五晚上6点有个工作会议，记录一下; 你:下周五晚上6点到7点已经有健身计划了。工作会议要换个时间吗？; 用户:改到这周五18点。; 你:好的，会持续多久啊？; 用户:大概2小时吧。; 你:提前半小时叫你，成不？; 用户:ok,`2025-06-26 01:21:47,日程,会议,工作会议,,,`2025-06-27 18:00:00,`2025-06-27 20:00:00,`2025-06-27 17:30:00,否,,,,这周五18点,这周五20点,这周五17点30分
用户:周六下午4点有个加班会议; 你:好的，会持续多久啊？; 用户:大概2小时吧。; 你:什么时间提醒你？; 用户:提前1小时提醒我,`2025-06-26 01:21:47,日程,会议,有个加班会议,,,`2025-06-28 16:00:00,`2025-06-28 18:00:00,`2025-06-28 15:00:00,否,,,,周六下午4点,周六下午6点,周六下午3点
用户:下周日上午10点有个工作会议，记一下; 你:下周日10点到11点已经有健身安排。工作会议要换个时间吗？; 用户:改到这周日10点。; 你:好的，会持续多久啊？; 用户:大概1小时吧。; 你:提前半小时叫你，成不？; 用户:ok,`2025-06-26 01:21:47,日程,会议,工作会议,,,`2025-06-29 10:00:00,`2025-06-29 11:00:00,`2025-06-29 09:30:00,否,,,,这周日10点,这周日11点,这周日9点半
用户:下周天18点有个项目会议，帮我记下; 你:下周日18点到19点已经有健身课程了。项目会议要换个时间吗？; 用户:改到这周天18点。; 你:好的，会持续多久啊？; 用户:大概1小时吧。; 你:提前15分钟叫你，成不？; 用户:ok,`2025-06-26 01:21:47,日程,会议,项目会议,,,`2025-06-29 18:00:00,`2025-06-29 19:00:00,`2025-06-29 17:45:00,否,,,,这周天18点,这周天19点,这周天17点45分
用户:下周一晚上7点有个工作会议; 你:好的，什么时间提醒你？; 用户:提前15分钟提醒我,`2025-06-26 01:21:47,日程,会议,有个工作会议,,,`2025-06-30 19:00:00,,`2025-06-30 18:45:00,否,,,,下周一晚上7点,,下周一晚上6点45分
用户:周二晚上7点有个展会，记录一下; 你:周二19点到20点已经有客户会议了。展会要换个时间吗？; 用户:改到下周二19点。; 你:好的，会持续多久啊？; 用户:大概2小时吧。; 你:提前1小时叫你，成不？; 用户:ok,`2025-06-26 01:21:47,日程,展会,有个展会,,,`2025-07-01 19:00:00,`2025-07-01 21:00:00,`2025-07-01 18:00:00,否,,,,下周二19点,下周二21点,下周二18点
用户:周三9点有个展会，帮我记一下; 你:周三9点到11点已经有工作会议了。展会要换个时间吗？; 用户:改到下周三下午2点; 你:好的，会持续多久啊？; 用户:大概2小时吧; 你:提前3小时叫你，成不？; 用户:ok,`2025-06-26 01:21:47,日程,展会,有个展会,,,`2025-07-02 14:00:00,`2025-07-02 16:00:00,`2025-07-02 11:00:00,否,,,,下周三下午2点,下周三下午4点,下周三上午11点
用户:周四13点有个展会，帮我记一下; 你:周四13点已经有就医安排了。展会要换个时间吗？; 用户:改成下周四13点; 你:什么时间提醒你？; 用户:提前15分钟提醒我,`2025-06-26 01:21:47,日程,展会,有个展会,,,`2025-07-03 13:00:00,,`2025-07-03 12:45:00,否,,,,下周四13点,,下周四12点45分
用户:下周五18点有个展会要去; 你:下周五18点到19点已经安排了健身。展会要换个时间吗？; 用户:不改了。; 你:什么时间提醒你？; 用户:提前15分钟提醒我,`2025-06-26 01:21:47,日程,展会,有个展会要去,,,`2025-07-04 18:00:00,,`2025-07-04 17:45:00,否,,,,下周五18点,,提前15分钟
用户:周六上午10点有个医疗检查，帮我记一下; 你:周六上午10点到11点已经约了健身教练。医疗检查要换个时间吗？; 用户:改到下周六10点。; 你:什么时间提醒你？; 用户:提前2小时提醒我,`2025-06-26 01:21:47,日程,医疗,有个医疗检查,,,`2025-07-05 10:00:00,,`2025-07-05 08:00:00,否,,,,下周六10点,,提前2小时
用户:下周日1点想去看画展，记一下; 你:下周日1点到2点已经有健身计划了。看画展要换个时间吗？; 用户:改到下周日13点。; 你:好的，会持续多久啊？; 用户:大概2小时吧。; 你:什么时间提醒你？; 用户:提前1小时提醒我,`2025-06-26 01:21:47,日程,展会,去看画展,,,`2025-07-06 13:00:00,`2025-07-06 15:00:00,`2025-07-06 12:00:00,否,,,,下周日13点,下周日15点,下周日12点
用户:下周日晚上6点有个学习会，帮我记一下; 你:下周日晚上6点到7点已经安排了看牙医。学习会需要改时间吗？; 用户:不改了; 你:什么时间提醒你？; 用户:提前3小时提醒我,`2025-06-26 01:21:47,日程,学习,有个学习会,,,`2025-07-06 18:00:00,,`2025-07-06 15:00:00,否,,,,下周日晚上6点,,提前3小时
用户:今天上午10点要去看牙医; 你:好的，会看多久啊？; 用户:大概1小时吧。; 你:什么时间提醒你？; 用户:提前1小时提醒我,`2025-06-27 04:00:31,日程,医疗,去看牙医,,,`2025-06-27 10:00:00,`2025-06-27 11:00:00,`2025-06-27 09:00:00,否,,,,今天上午10点,今天上午11点,今天上午9点
用户:后天5点有个工作会议，记一下; 你:后天5点到6点已经安排健身了。工作会议要换个时间吗？; 用户:改成明天17点; 你:好的，会持续多久啊？; 用户:大概1小时吧; 你:提前半小时叫你，成不？; 用户:ok,`2025-06-27 04:00:31,日程,会议,工作会议,,,`2025-06-28 17:00:00,`2025-06-28 18:00:00,`2025-06-28 16:30:00,否,,,,明天17点,明天18点,明天16点30分
用户:后天早上8点有个项目会议; 你:好的，需要提前3小时提醒你吗？; 用户:对,`2025-06-27 04:00:31,日程,会议,项目会议,,,`2025-06-29 08:00:00,,`2025-06-29 05:00:00,否,,,,后天早上8点,,后天早上5点
用户:周四13点有个会议要参加; 你:好的，什么时间提醒你？; 用户:提前2小时提醒我,`2025-06-27 04:00:31,日程,会议,有个会议要参加,,,`2025-07-03 13:00:00,,`2025-07-03 11:00:00,否,,,,周四13点,,提前2小时
用户:下周一7点有个展会，帮我记一下; 你:下周一7点已经有应酬了。展会要换个时间吗？; 用户:改成下周一晚上7点; 你:什么时间提醒你？; 用户:提前3小时提醒我,`2025-06-27 04:00:31,日程,展会,有个展会,,,`2025-06-30 19:00:00,,`2025-06-30 16:00:00,否,,,,下周一晚上7点,,下周一晚上4点
用户:下周二1点我要去看牙医; 你:下周二1点到2点已经有健身计划了。看牙医要换个时间吗？; 用户:改到下周二13点。; 你:好的，会持续多久啊？; 用户:大概1小时吧。; 你:提前15分钟叫你，成不？; 用户:ok,`2025-06-27 04:00:31,日程,医疗,去看牙医,,,`2025-07-01 13:00:00,`2025-07-01 14:00:00,`2025-07-01 12:45:00,否,,,,下周二13点,下周二14点,下周二12点45分
用户:下周三8点有个健身课要上; 你:下周三8点到9点已经安排了看牙医。健身课要换个时间吗？; 用户:改到下周三20点。; 你:好的，会持续多久啊？; 用户:大概2小时吧。; 你:提前3小时叫你，成不？; 用户:ok,`2025-06-27 04:00:31,日程,运动,健身课,,,`2025-07-02 20:00:00,`2025-07-02 22:00:00,`2025-07-02 17:00:00,否,,,,下周三20点,下周三22点,下周三17点
用户:下周四11点有个读书会; 你:好的，会持续多久啊？; 用户:大概2小时吧。; 你:什么时间提醒你？; 用户:提前1小时提醒我,`2025-06-27 04:00:31,日程,学习,有个读书会,,,`2025-07-03 11:00:00,`2025-07-03 13:00:00,`2025-07-03 10:00:00,否,,,,下周四11点,下周四13点,下周四10点
用户:下周五6点有个客户应酬; 你:下周五6点到7点已经安排了瑜伽课。客户应酬要换个时间吗？; 用户:改到下周五18点。; 你:好的，会持续多久啊？; 用户:大概2小时吧。; 你:提前15分钟叫你，成不？; 用户:ok,`2025-06-27 04:00:31,日程,应酬,客户应酬,,客户,`2025-07-04 18:00:00,`2025-07-04 20:00:00,`2025-07-04 17:45:00,否,,,,下周五18点,下周五20点,下周五17点45分
用户:下周六早上8点要去看牙医; 你:好的，什么时间提醒你？; 用户:提前15分钟提醒我,`2025-06-27 04:00:31,日程,医疗,去看牙医,,,`2025-07-05 08:00:00,,`2025-07-05 07:45:00,否,,,,下周六早上8点,,下周六早上7点45分
用户:下周日早上8点要去看牙医; 你:好的，什么时间提醒你？; 用户:提前1小时提醒我,`2025-06-27 04:00:31,日程,医疗,去看牙医,,,`2025-07-06 08:00:00,,`2025-07-06 07:00:00,否,,,,下周日早上8点,,下周日早上7点
用户:下周日2点有个家庭聚会; 你:下周日2点到3点已经安排了健身课程。家庭聚会要换个时间吗？; 用户:改到下周日14点。; 你:好的，会持续多久啊？; 用户:大概2小时吧。; 你:提前15分钟叫你，成不？; 用户:ok,`2025-06-27 04:00:31,日程,聚会,家庭聚会,,,`2025-07-06 14:00:00,`2025-07-06 16:00:00,`2025-07-06 13:45:00,否,,,,下周日14点,下周日16点,下周日13点45分
用户:今天8点要去看牙医; 你:今天8点到10点已经有健身计划了。看牙医要换个时间吗？; 用户:改到今天下午1点; 你:好的，会持续多久啊？; 用户:大概2小时吧; 你:提前3小时叫你，成不？; 用户:ok,`2025-06-28 01:02:51,日程,医疗,去看牙医,,,`2025-06-28 13:00:00,`2025-06-28 15:00:00,`2025-06-28 10:00:00,否,,,,今天下午1点,今天下午3点,今天上午10点
用户:明天中午12点有个健身课程，帮我记一下; 你:明天12点到13点已经有牙医预约了。健身课要换个时间吗？; 用户:改到明天12点; 你:好的，会上多久啊？; 用户:大概1小时吧; 你:提前15分钟叫你，行不？; 用户:ok,`2025-06-28 01:02:51,日程,运动,健身课程,,,`2025-06-29 12:00:00,`2025-06-29 13:00:00,`2025-06-29 11:45:00,否,,,,明天12点,明天1点,明天11点45分
用户:后天下午3点有个应酬; 你:后天下午3点到4点已经安排了读一本书。应酬要换个时间吗？; 用户:改到后天15点; 你:好的，会持续多久啊？; 用户:大概1小时吧; 你:提前半小时叫你，成不？; 用户:ok,`2025-06-28 01:02:51,日程,应酬,应酬,,,`2025-06-30 15:00:00,`2025-06-30 16:00:00,`2025-06-30 14:30:00,否,,,,后天15点,后天16点,后天14点30分
用户:周一11点要去看医生; 你:周一11点到12点已经约了健身课。看医生要换个时间吗？; 用户:改成周一11点吧; 你:好的，会看多久啊？; 用户:大概1小时吧; 你:提前15分钟叫你，行不行？; 用户:可以,`2025-06-28 01:02:51,日程,医疗,去看医生,,,`2025-06-30 11:00:00,`2025-06-30 12:00:00,`2025-06-30 10:45:00,否,,,,周一11点,周一12点,周一10点45分
用户:下周二11点有个会议要参加; 你:下周二11点到12点已经安排了看牙医。会议要换个时间吗？; 用户:不用换。; 你:好的，会持续多久啊？; 用户:大概1小时吧。; 你:提前15分钟叫你，行不？; 用户:可以,`2025-06-28 01:02:51,日程,会议,有个会议要参加,,,`2025-07-01 11:00:00,`2025-07-01 12:00:00,`2025-07-01 10:45:00,否,,,,下周二11点,下周二12点,下周二10点45分
用户:周三10点有个重要的会议，帮我记一下; 你:周三上午10点到11点已经有项目评审了。会议要换个时间吗？; 用户:改到周三10点。; 你:好的，会持续多久啊？; 用户:大概2小时吧。; 你:提前2小时叫你，成不？; 用户:ok,`2025-06-28 01:02:51,日程,会议,重要的会议,,,`2025-07-02 10:00:00,`2025-07-02 12:00:00,`2025-07-02 08:00:00,否,,,,周三10点,周三12点,周三8点
用户:周四晚上8点有个健身计划，帮我记一下; 你:周四晚上8点到9点已经安排了阅读时间。健身要换个时间吗？; 用户:不用换，就周四8点。; 你:好的，会持续多久啊？; 用户:大概1小时吧。; 你:提前2小时叫你，成不？; 用户:ok,`2025-06-28 01:02:51,日程,运动,健身计划,,,`2025-07-03 20:00:00,`2025-07-03 21:00:00,`2025-07-03 18:00:00,否,,,,周四晚上8点,周四晚上9点,周四下午6点
用户:周五下午四点有个展会要去; 你:周五下午四点到六点已经有购物安排了。展会要换个时间吗？; 用户:改到周五16点。; 你:好的，会持续多久啊？; 用户:大概2小时吧。; 你:提前3小时叫你，成不？; 用户:ok,`2025-06-28 01:02:51,日程,展会,有个展会要去,,,`2025-07-04 16:00:00,`2025-07-04 18:00:00,`2025-07-04 13:00:00,否,,,,周五16点,周五18点,周五13点
用户:周六下午3点要去一趟医院; 你:周六下午3点到5点已经安排了健身。去医院要改个时间吗？; 用户:不改了，就这个时间; 你:好的，大概要多久啊？; 用户:可能要2小时吧; 你:提前15分钟提醒你可以吗？; 用户:好的,`2025-06-28 01:02:51,日程,医疗,去医院,,,`2025-06-28 15:00:00,`2025-06-28 17:00:00,`2025-06-28 14:45:00,否,,,,周六下午3点,周六下午5点,周六下午2点45分
用户:周日下午4点有个健身课，帮我记一下; 你:周日下午4点到6点已经有读书会了。健身课要换个时间吗？; 用户:改到周日16点。; 你:好的，会持续多久啊？; 用户:大概2小时吧。; 你:提前2小时叫你，成不？; 用户:ok,`2025-06-28 01:02:51,日程,运动,健身课,,,`2025-06-29 16:00:00,`2025-06-29 18:00:00,`2025-06-29 14:00:00,否,,,,周日16点,周日18点,周日14点
用户:周天10点有个读书会，记录一下; 你:周天10点到11点已经有健身课程了。读书会要换个时间吗？; 用户:改到周天10点; 你:好的，大概要持续多久啊？; 用户:大概2小时吧; 你:提前1小时叫你，成不？; 用户:ok,`2025-06-28 01:02:51,日程,学习,有个读书会,,,`2025-06-29 10:00:00,`2025-06-29 12:00:00,`2025-06-29 09:00:00,否,,,,周天10点,周天12点,周天9点
用户:下周一晚上8点有个展会，帮我记一下; 你:下周一晚上8点到9点已经有健身安排啦。展会要换个时间吗？; 用户:改到下周一20点; 你:好嘞，提前3小时叫你，成不？; 用户:ok,`2025-06-28 01:02:51,日程,展会,有个展会,,,`2025-06-30 20:00:00,,`2025-06-30 17:00:00,否,,,,下周一20点,,提前3小时
用户:下周二下午两点要去看牙医; 你:好的，什么时间提醒你？; 用户:提前半小时提醒我,`2025-06-28 01:02:51,日程,医疗,去看牙医,,,`2025-07-01 14:00:00,,`2025-07-01 13:30:00,否,,,,下周二下午两点,,下周二下午一点三十分
用户:下周三17点有个展会，记录一下; 你:下周三17点到18点已经有工作会议了。展会要换个时间吗？; 用户:改到下周三19点。; 你:好的，会持续多久啊？; 用户:大概2小时吧。; 你:提前2小时叫你，成不？; 用户:ok,`2025-06-28 01:02:51,日程,展会,有个展会,,,`2025-07-02 19:00:00,`2025-07-02 21:00:00,`2025-07-02 17:00:00,否,,,,下周三19点,下周三21点,下周三17点
用户:下周四13点有个工作面试要记一下; 你:下周四13点到14点已经安排了健身课程。面试要改个时间吗？; 用户:改到下周四15点吧; 你:好的，大概要多久啊？; 用户:大概2小时吧; 你:提前3小时提醒你，可以吗？; 用户:ok,`2025-06-28 01:02:51,日程,面试,工作面试,,,`2025-07-03 15:00:00,`2025-07-03 17:00:00,`2025-07-03 12:00:00,否,,,,下周四15点,下周四17点,下周四12点
用户:下周五下午5点要去看牙医; 你:下周五下午5点已经有健身课了。看牙医要换个时间吗？; 用户:改到下周五17点。; 你:提前15分钟叫你，成不？; 用户:ok,`2025-06-28 01:02:51,日程,医疗,去看牙医,,,`2025-07-04 17:00:00,,`2025-07-04 16:45:00,否,,,,下周五17点,,提前15分钟
用户:下周六早上8点我要去看牙医; 你:下周六早上8点到10点已经安排了健身。看牙医要换个时间吗？; 用户:改到下周六10点吧; 你:好的，大概要多久啊？; 用户:大概2小时吧; 你:提前15分钟提醒你，可以吗？; 用户:ok,`2025-06-28 01:02:51,日程,医疗,去看牙医,,,`2025-07-05 10:00:00,`2025-07-05 12:00:00,`2025-07-05 09:45:00,否,,,,下周六10点,下周六12点,下周六9点45分
用户:下周日17点要去看牙医; 你:好的，什么时间提醒你？; 用户:提前半小时提醒我,`2025-06-28 01:02:51,日程,医疗,去看牙医,,,`2025-07-06 17:00:00,,`2025-07-06 16:30:00,否,,,,下周日17点,,下周日16点30分
用户:下周日晚上8点有个家庭聚会，帮我记一下; 你:下周日晚上8点到9点已经安排了健身计划。家庭聚会要换个时间吗？; 用户:不改了，就这个时间吧; 你:好的，大概要持续多久啊？; 用户:大概1小时吧; 你:提前半小时提醒你，可以吗？; 用户:ok,`2025-06-28 01:02:51,日程,聚会,家庭聚会,,,`2025-07-06 20:00:00,`2025-07-06 21:00:00,`2025-07-06 19:30:00,否,,,,下周日晚上8点,下周日晚上9点,下周日晚上7点半
用户:今天下午4点有个展会，记录一下; 你:好的，会持续多久啊？; 用户:大概2小时吧。; 你:什么时间提醒你？; 用户:提前1小时提醒我,`2025-06-29 02:05:38,日程,展会,有个展会,,,`2025-06-29 16:00:00,`2025-06-29 18:00:00,`2025-06-29 15:00:00,否,,,,今天下午4点,今天下午6点,今天下午3点
用户:明天9点有个健身课，记录一下; 你:明天9点到10点已经安排相亲了。健身课要换个时间吗？; 用户:改成明天9点。; 你:好的，会持续多久啊？; 用户:大概2小时吧。; 你:提前半小时叫你，行吗？; 用户:ok,`2025-06-29 02:05:38,日程,运动,健身课,,,`2025-06-30 09:00:00,`2025-06-30 11:00:00,`2025-06-30 08:30:00,否,,,,明天9点,明天11点,明天8点30分
用户:后天9点有个展会要去; 你:好嘞，提前3小时叫你，行不？; 用户:好的,`2025-06-29 02:05:38,日程,展会,有个展会要去,,,`2025-07-01 09:00:00,,`2025-07-01 06:00:00,否,,,,后天9点,,后天6点
用户:下周六18点想去看个展会; 你:下周六18点到19点已经安排了健身课。看展会要换个时间吗？; 用户:不用换，就这个点; 你:好的，提前2小时叫你，行不？; 用户:可以,`2025-06-29 02:05:38,日程,展会,去看个展会,,,`2025-07-05 18:00:00,,`2025-07-05 16:00:00,否,,,,下周六18点,,下周六16点
用户:周日17点有个展会，记得提醒我; 你:好的，会持续多久啊？; 用户:大概2小时吧。; 你:提前15分钟叫你，成不？; 用户:ok,`2025-06-29 02:05:38,日程,展会,有个展会,,,`2025-06-29 17:00:00,`2025-06-29 19:00:00,`2025-06-29 16:45:00,否,,,,周日17点,周日19点,周日16点45分
用户:周一12点有个展会，记录一下; 你:周一12点到13点已经有工作例会。展会要换个时间吗？; 用户:改到下周一12点。; 你:提前1小时叫你，成不？; 用户:ok,`2025-06-29 02:05:38,日程,展会,有个展会,,,`2025-06-30 12:00:00,,`2025-06-30 11:00:00,否,,,,下周一12点,,提前1小时
用户:下周二下午5点有个工作会议; 你:好的，什么时间提醒你？; 用户:提前1小时提醒我,`2025-06-29 02:05:38,日程,会议,有个工作会议,,,`2025-07-01 17:00:00,,`2025-07-01 16:00:00,否,,,,下周二下午5点,,下周二下午4点
用户:下周三下午4点有个展会，帮我记一下; 你:好的，什么时间提醒你？; 用户:提前15分钟提醒我,`2025-06-29 02:05:38,日程,展会,有个展会,,,`2025-07-02 16:00:00,,`2025-07-02 15:45:00,否,,,,下周三下午4点,,下周三下午3点45分
用户:下周四中午12点有个重要会议，帮我记一下; 你:好嘞，什么时间提醒你？; 用户:提前1小时提醒我,`2025-06-29 02:05:38,日程,会议,有个重要会议,,,`2025-07-03 12:00:00,,`2025-07-03 11:00:00,否,,,,下周四中午12点,,下周四上午11点
用户:下周五9点有个展会，帮我记一下; 你:好的，什么时间提醒你？; 用户:提前2小时提醒我,`2025-06-29 02:05:38,日程,展会,有个展会,,,`2025-07-04 09:00:00,,`2025-07-04 07:00:00,否,,,,下周五9点,,下周五7点
用户:周六上午10点有个客户会议，帮我记一下; 你:周六上午10点已经有健身房的预约了。客户会议要换个时间吗？; 用户:那就改到下周六10点吧; 你:什么时间提醒你？; 用户:提前3小时提醒我,`2025-06-29 02:05:38,日程,会议,有个客户会议,,客户,`2025-07-05 10:00:00,,`2025-07-05 07:00:00,否,,,,下周六10点,,提前3小时
用户:周日晚上7点有个展会去看看; 你:周日19点到20点已经安排健身了。展会要换个时间吗？; 用户:改到下周日19点。; 你:好的，会持续多久啊？; 用户:大概2小时吧。; 你:提前3小时叫你，可以吗？; 用户:没问题,`2025-06-29 02:05:38,日程,展会,有个展会去看看,,,`2025-07-06 19:00:00,`2025-07-06 21:00:00,`2025-07-06 16:00:00,否,,,,下周日19点,下周日21点,下周日16点
用户:下周天13点要去医院复查; 你:好的，需要提前多久提醒你啊？; 用户:提前15分钟提醒我,`2025-06-29 02:05:38,日程,医疗,去医院复查,,,`2025-07-06 13:00:00,,`2025-07-06 12:45:00,否,,,,下周天13点,,提前15分钟
用户:今天晚上9点有个工作会议，记录一下; 你:今天晚上9点到10点已经有健身课了。工作会议要换个时间吗？; 用户:改到今天9点; 你:好的，什么时间提醒你？; 用户:提前2小时提醒我,`2025-06-30 05:50:17,日程,会议,有个工作会议,,,`2025-06-30 09:00:00,,`2025-06-30 07:00:00,否,,,,今天9点,,今天7点
用户:明天8点有个健身课，帮我记一下; 你:明天8点到9点已经有同事聚餐了。健身课要换个时间吗？; 用户:改到明天20点。; 你:好的，会持续多久啊？; 用户:大概1小时吧。; 你:提前1小时叫你，成不？; 用户:ok,`2025-06-30 05:50:17,日程,运动,健身课,,,`2025-07-01 20:00:00,`2025-07-01 21:00:00,`2025-07-01 19:00:00,否,,,,明天20点,明天21点,明天19点
用户:后天晚上8点我想去看牙医; 你:后天晚上8点到10点已经约了健身课。看牙医要改个时间吗？; 用户:不改了; 你:好的，大概要看多久啊？; 用户:大概2小时吧; 你:提前2小时提醒你可以吗？; 用户:行,`2025-06-30 05:50:17,日程,医疗,去看牙医,,,`2025-07-02 20:00:00,`2025-07-02 22:00:00,`2025-07-02 18:00:00,否,,,,后天晚上8点,后天晚上10点,后天晚上6点
用户:周一12点要去看牙医; 你:好的，什么时间提醒你？; 用户:提前1小时提醒我,`2025-06-30 05:50:17,日程,医疗,去看牙医,,,`2025-06-30 12:00:00,,`2025-06-30 11:00:00,否,,,,周一12点,,周一11点
用户:下周二下午1点有个客户会议，帮我记一下; 你:下周二下午1点到2点已经有健身计划了。客户会议要换个时间吗？; 用户:改到下周三下午1点。; 你:好的，会持续多久啊？; 用户:大概1小时吧。; 你:提前15分钟叫你，成不？; 用户:ok,`2025-06-30 05:50:17,日程,会议,有个客户会议,,客户,`2025-07-09 13:00:00,`2025-07-09 14:00:00,`2025-07-09 12:45:00,否,,,,下周三下午1点,下周三下午2点,下周三中午12点45分
用户:周四16点有个工作会议，记录一下; 你:周四16点到17点已经有客户拜访了。工作会议要换个时间吗？; 用户:改到下周二9点吧; 你:好嘞，提前1小时叫你，行不？; 用户:行,`2025-06-30 05:50:17,日程,会议,工作会议,,,`2025-07-08 09:00:00,,`2025-07-08 08:00:00,否,,,,下周二9点,,提前1小时
用户:周五下午1点有个会议，记录一下; 你:周五下午1点到下午2点已经有体检安排了。会议要换个时间吗？; 用户:不用换。; 你:什么时间提醒你？; 用户:提前2小时提醒我,`2025-06-30 05:50:17,日程,会议,有个会议,,,`2025-07-04 13:00:00,,`2025-07-04 11:00:00,否,,,,周五下午1点,,提前2小时
用户:周六5点有个展会，记录一下; 你:周六5点到6点已经安排了健身。展会要换个时间吗？; 用户:改到周六17点。; 你:好的，会持续多久啊？; 用户:大概2小时吧。; 你:提前3小时叫你，成不？; 用户:ok,`2025-06-30 05:50:17,日程,展会,有个展会,,,`2025-07-05 17:00:00,`2025-07-05 19:00:00,`2025-07-05 14:00:00,否,,,,周六17点,周六19点,周六14点
用户:周日晚上8点有个应酬; 你:好的，会持续多久啊？; 用户:大概2小时吧。; 你:什么时间提醒你？; 用户:提前1小时提醒我,`2025-06-30 05:50:17,日程,应酬,有个应酬,,,`2025-07-06 20:00:00,`2025-07-06 22:00:00,`2025-07-06 19:00:00,否,,,,周日晚上8点,周日晚上10点,周日晚上7点
用户:这周日下午3点有个会议要参加; 你:好的，会持续多久啊？; 用户:大概2小时吧。; 你:什么时间提醒你？; 用户:提前1小时提醒我,`2025-06-30 05:50:17,日程,会议,有个会议要参加,,,`2025-07-06 15:00:00,`2025-07-06 17:00:00,`2025-07-06 14:00:00,否,,,,这周日下午3点,这周日下午5点,这周日下午2点
用户:周一17点有个展会，记录一下; 你:周一17点到18点已经安排了读书会。展会要换个时间吗？; 用户:改成下周一17点吧。; 你:好的，大概持续多久啊？; 用户:大概2小时吧。; 你:提前3小时提醒你，行不行？; 用户:行,`2025-06-30 05:50:17,日程,展会,有个展会,,,`2025-07-07 17:00:00,`2025-07-07 19:00:00,`2025-07-07 14:00:00,否,,,,下周一17点,下周一19点,下周一14点
用户:下周二10点要去看医生; 你:下周二10点到11点已经安排了健身课程。看医生要换个时间吗？; 用户:不用换，就这个时间; 你:好的，会持续多久啊？; 用户:大概2小时吧; 你:提前半小时叫你，成不？; 用户:ok,`2025-06-30 05:50:17,日程,医疗,去看医生,,,`2025-07-08 10:00:00,`2025-07-08 12:00:00,`2025-07-08 09:30:00,否,,,,下周二10点,下周二12点,下周二9点30分
用户:周三17点要去看牙医; 你:周三17点到18点已经安排健身了。看牙医要改个时间吗？; 用户:改到下周三17点。; 你:好的，大概需要多久啊？; 用户:大概1小时吧。; 你:提前15分钟提醒你，可以吗？; 用户:ok,`2025-06-30 05:50:17,日程,医疗,去看牙医,,,`2025-07-09 17:00:00,`2025-07-09 18:00:00,`2025-07-09 16:45:00,否,,,,下周三17点,下周三18点,下周三16点45分
用户:周四下午3点有个体检，记一下; 你:周四下午3点到4点已经有健身课了。体检要换个时间吗？; 用户:改到下周四15点。; 你:好的，会持续多久啊？; 用户:大概1小时吧。; 你:提前15分钟叫你，成不？; 用户:ok,`2025-06-30 05:50:17,日程,医疗,体检,,,`2025-07-10 15:00:00,`2025-07-10 16:00:00,`2025-07-10 14:45:00,否,,,,下周四15点,下周四16点,下周四14点45分
用户:下周五两点有个展会要参加; 你:好的，这个展会大概要多久啊？; 用户:大概1小时吧; 你:什么时间提醒你？; 用户:提前1小时提醒我,`2025-06-30 05:50:17,日程,展会,参加展会,,,`2025-07-11 14:00:00,`2025-07-11 15:00:00,`2025-07-11 13:00:00,否,,,,下周五两点,下周五三点,下周五一点
用户:周六早上8点有个展会，帮我记一下; 你:周六8点到9点已经有读书会了。展会要换个时间吗？; 用户:改到下周六8点。; 你:好的，会持续多久啊？; 用户:大概2小时吧。; 你:提前半小时叫你，成不？; 用户:ok,`2025-06-30 05:50:17,日程,展会,有个展会,,,`2025-07-12 08:00:00,`2025-07-12 10:00:00,`2025-07-12 07:30:00,否,,,,下周六8点,下周六10点,下周六7点30分
用户:下周日晚上8点约了个应酬; 你:好的，什么时间提醒你？; 用户:提前2小时提醒我,`2025-06-30 05:50:17,日程,应酬,约了个应酬,,,`2025-07-13 20:00:00,,`2025-07-13 18:00:00,否,,,,下周日晚上8点,,下周日晚上6点
用户:下周日中午12点有个应酬; 你:好的，会持续多久啊？; 用户:大概1小时吧。; 你:什么时间提醒你？; 用户:提前1小时提醒我,`2025-06-30 05:50:17,日程,应酬,有个应酬,,,`2025-07-13 12:00:00,`2025-07-13 13:00:00,`2025-07-13 11:00:00,否,,,,下周日中午12点,下周日中午1点,下周日上午11点
用户:帮我记一下今天中午12点有个客户约见; 你:中午12点到下午1点已经有团队会议了。客户约见要不要换个时间？; 用户:改到今天下午3点吧。; 你:好的，大概要谈多久啊？; 用户:大概1小时吧。; 你:提前半小时提醒你，可以吗？; 用户:ok,`2025-06-24 03:32:18,日程,约见,客户约见,,客户,`2025-06-24 15:00:00,`2025-06-24 16:00:00,`2025-06-24 14:30:00,否,,,,今天下午3点,今天下午4点,今天下午2点30分
用户:明天上午9点帮我记个晨会; 你:好的，要提前多久提醒你呀？; 用户:提前15分钟叫我,`2025-06-24 03:32:18,日程,会议,晨会,,,`2025-06-25 09:00:00,,`2025-06-25 08:45:00,否,,,,明天上午9点,,明天上午8点45分
用户:后天两点帮我记个家庭聚会呗; 你:好的，大概要持续多长时间呀？; 用户:差不多2小时吧; 你:那提前1小时提醒你准备，可以吗？; 用户:没问题,`2025-06-24 03:32:18,日程,聚会,家庭聚会,,,`2025-06-26 14:00:00,`2025-06-26 16:00:00,`2025-06-26 13:00:00,否,,,,后天两点,后天四点,后天一点
用户:帮我周三早上8点约个健身课; 你:周三早上8点到9点已经有工作会议了。健身课要改时间吗？; 用户:改到周三8点吧; 你:好的，要提前多久提醒你？; 用户:提前15分钟提醒我,`2025-06-24 03:32:18,日程,运动,约个健身课,,,`2025-06-25 08:00:00,,`2025-06-25 07:45:00,否,,,,周三8点,,提前15分钟
用户:帮我把周四晚上8点记个应酬; 你:好的，会持续多久啊？; 用户:大概1小时吧; 你:什么时间提醒你？; 用户:提前1小时提醒我,`2025-06-24 03:32:18,日程,应酬,应酬,,,`2025-06-26 20:00:00,`2025-06-26 21:00:00,`2025-06-26 19:00:00,否,,,,周四晚上8点,周四晚上9点,周四晚上7点
用户:帮我在周五12点记个面谈哈; 你:好的，什么时间提醒你？; 用户:提前15分钟提醒我,`2025-06-24 03:32:18,日程,面谈,面谈,,,`2025-06-27 12:00:00,,`2025-06-27 11:45:00,否,,,,周五12点,,提前15分钟
用户:这周日晚上7点帮我记个亲友聚餐; 你:好的，需要提前多久提醒你呢？; 用户:提前15分钟吧,`2025-06-24 03:32:18,日程,聚会,亲友聚餐,,亲友,`2025-06-29 19:00:00,,`2025-06-29 18:45:00,否,,,,这周日晚上7点,,这周日晚上6点45分
用户:帮我记一下下周一11点有个产品策划会; 你:下周一11点到12点已经有客户拜访了。产品策划会要换个时间吗？; 用户:改到下周二下午2点吧。; 你:好的，会持续多久啊？; 用户:大概1小时吧。; 你:提前3小时叫你，成不？; 用户:ok,`2025-06-24 03:32:18,日程,会议,产品策划会,,,`2025-07-01 14:00:00,`2025-07-01 15:00:00,`2025-07-01 11:00:00,否,,,,下周二下午2点,下周二下午3点,下周二上午11点
用户:帮我记下下周二下午3点有个项目汇报; 你:好的，什么时间提醒你？; 用户:提前1小时提醒我,`2025-06-24 03:32:18,日程,汇报,有个项目汇报,,,`2025-07-01 15:00:00,,`2025-07-01 14:00:00,否,,,,下周二下午3点,,下周二下午2点
用户:帮我记下下周三晚上8点有个客户应酬; 你:好的，会持续多久啊？; 用户:大概2小时吧。; 你:什么时间提醒你？; 用户:提前15分钟提醒我,`2025-06-24 03:32:18,日程,应酬,客户应酬,,客户,`2025-07-02 20:00:00,`2025-07-02 22:00:00,`2025-07-02 19:45:00,否,,,,下周三晚上8点,下周三晚上10点,下周三晚上7点45分
用户:帮我记下下周五晚上八点有个团队聚餐; 你:好嘞，聚会要持续多久啊？; 用户:大概两小时吧; 你:提前两小时提醒你，可以吗？; 用户:ok,`2025-06-24 03:32:18,日程,聚会,团队聚餐,,,`2025-07-04 20:00:00,`2025-07-04 22:00:00,`2025-07-04 18:00:00,否,,,,下周五晚上八点,下周五晚上十点,下周五晚上六点
用户:帮我记一下下周六下午4点有个团队会议; 你:下周六下午4点到6点已经有客户拜访。团队会议要换个时间吗？; 用户:改到下周六晚上7点吧; 你:好的，会持续多久啊？; 用户:大概2小时吧; 你:提前3小时叫你，成不？; 用户:ok,`2025-06-24 03:32:18,日程,会议,团队会议,,,`2025-07-05 19:00:00,`2025-07-05 21:00:00,`2025-07-05 16:00:00,否,,,,下周六晚上7点,下周六晚上9点,下周六下午4点
用户:下周日下午2点帮我记个健身计划吧; 你:好嘞，提前3小时叫你，成不？; 用户:ok,`2025-06-24 03:32:18,待办,运动,健身计划,,,`2025-07-06 14:00:00,,`2025-07-06 11:00:00,否,,,,下周日下午2点,,提前3小时
用户:帮我记下下周日15点有个家长会; 你:好的，会持续多久啊？; 用户:大概1小时吧。; 你:什么时间提醒你？; 用户:提前1小时提醒我,`2025-06-24 03:32:18,日程,家长会,家长会,,,`2025-07-06 15:00:00,`2025-07-06 16:00:00,`2025-07-06 14:00:00,否,,,,下周日15点,下周日16点,下周日14点
用户:帮我记下今天下午1点有个项目会议; 你:好嘞，要开多久啊？; 用户:大概2小时吧; 你:提前1小时提醒你成不？; 用户:ok,`2025-06-25 01:33:19,日程,会议,项目会议,,,`2025-06-25 13:00:00,`2025-06-25 15:00:00,`2025-06-25 12:00:00,否,,,,今天下午1点,今天下午3点,今天中午12点
用户:帮我记下明天晚上6点有个项目会议; 你:好的，大概要开多久呀？; 用户:差不多2小时吧; 你:提前1小时提醒你，可以吗？; 用户:ok,`2025-06-25 01:33:19,日程,会议,项目会议,,,`2025-06-26 18:00:00,`2025-06-26 20:00:00,`2025-06-26 17:00:00,否,,,,明天晚上6点,明天晚上8点,明天下午5点
用户:后天下午5点帮我记个应酬; 你:好嘞，大约要多久时间啊？; 用户:差不多2小时吧; 你:提前1小时提醒你行么？; 用户:可以,`2025-06-25 01:33:19,日程,应酬,应酬,,,`2025-06-27 17:00:00,`2025-06-27 19:00:00,`2025-06-27 16:00:00,否,,,,后天下午5点,后天晚上7点,后天下午4点
用户:这周日4点我想去健身; 你:周日下午4点到6点已经有团建活动了。健身要改时间吗？; 用户:那改到下午2点吧; 你:好的，大概练多久啊？; 用户:大概2小时吧; 你:提前半小时喊你，行不？; 用户:可以,`2025-06-25 01:33:19,日程,运动,去健身,,,`2025-06-29 14:00:00,`2025-06-29 16:00:00,`2025-06-29 13:30:00,否,,,,这周日下午2点,这周日下午4点,这周日下午1点30分
用户:帮我记下下周一14点有个客户拜访; 你:好的，会持续多久啊？; 用户:大概1小时吧。; 你:什么时间提醒你？; 用户:提前1小时提醒我,`2025-06-25 01:33:19,日程,拜访,有个客户拜访,,客户,`2025-06-30 14:00:00,`2025-06-30 15:00:00,`2025-06-30 13:00:00,否,,,,下周一14点,下周一15点,下周一13点
用户:帮我记下下周二9点有个项目会议; 你:好的，会持续多久啊？; 用户:大概1小时吧; 你:什么时间提醒你？; 用户:提前1小时提醒我,`2025-06-25 01:33:19,日程,会议,项目会议,,,`2025-07-01 09:00:00,`2025-07-01 10:00:00,`2025-07-01 08:00:00,否,,,,下周二9点,下周二10点,下周二8点
用户:帮我记下下周三9点有个项目碰头会; 你:下周三早上9点已经有供应商会议了。项目碰头会要换个时间不？; 用户:改到11点吧; 你:得嘞，会持续多久啊？; 用户:大概2小时吧; 你:提前2小时叫你，好不好？; 用户:ok,`2025-06-25 01:33:19,日程,会议,项目碰头会,,,`2025-07-02 11:00:00,`2025-07-02 13:00:00,`2025-07-02 09:00:00,否,,,,下周三11点,下周三1点,下周三9点
用户:下周四17点帮我记个健身计划啊; 你:好的，会持续多久啊？; 用户:大概2小时吧; 你:提前3小时叫你，成不？; 用户:ok,`2025-06-25 01:33:19,日程,运动,健身计划,,,`2025-07-03 17:00:00,`2025-07-03 19:00:00,`2025-07-03 14:00:00,否,,,,下周四17点,下周四19点,下周四14点
用户:帮我记下下周五下午3点有个项目汇报会; 你:好的，这个会要开多久啊？; 用户:大概2个小时吧。; 你:需要提前多久提醒你？; 用户:提前1小时提醒我,`2025-06-25 01:33:19,日程,会议,项目汇报会,,,`2025-07-04 15:00:00,`2025-07-04 17:00:00,`2025-07-04 14:00:00,否,,,,下周五下午3点,下周五下午5点,下周五下午2点
用户:帮我记一下下周六10点有个健身课; 你:下周六10点到12点已经有团队会议了。健身课要换个时间吗？; 用户:改到下午2点吧。; 你:好的，会持续多久啊？; 用户:大概2小时吧。; 你:提前2小时叫你，成不？; 用户:ok,`2025-06-25 01:33:19,日程,运动,健身课,,,`2025-07-05 14:00:00,`2025-07-05 16:00:00,`2025-07-05 10:00:00,否,,,,下周六下午2点,下周六下午4点,下周六上午10点
用户:帮我记下下周日晚上8点有个健身课; 你:好的，会持续多久啊？; 用户:大概2小时吧; 你:什么时间提醒你？; 用户:提前1小时提醒我,`2025-06-25 01:33:19,日程,运动,健身课,,,`2025-07-06 20:00:00,`2025-07-06 22:00:00,`2025-07-06 19:00:00,否,,,,下周日晚上8点,下周日晚上10点,下周日晚上7点
用户:帮我记一下下周日午1点有个客户拜访; 你:好的，需要提前多久提醒您呀？; 用户:提前1小时提醒我,`2025-06-25 01:33:19,日程,拜访,有个客户拜访,,客户,`2025-07-06 13:00:00,,`2025-07-06 12:00:00,否,,,,下周日午1点,,提前1小时
用户:帮我记一下今天10点有个商务会议; 你:今天上午10点到11点已经有客户拜访了。商务会议要换个时间吗？; 用户:改到下午2点吧; 你:好的，会持续多久啊？; 用户:大概1小时吧; 你:提前2小时叫你，成不？; 用户:ok,`2025-06-26 01:21:47,日程,会议,有个商务会议,,,`2025-06-26 14:00:00,`2025-06-26 15:00:00,`2025-06-26 10:00:00,否,,,,今天下午2点,今天下午3点,今天上午10点
用户:帮我记下明天晚上8点有个客户约见; 你:好的，大概要持续多久呀？; 用户:大概1小时左右吧; 你:提前15分钟提醒你可以吗？; 用户:没问题,`2025-06-26 01:21:47,日程,约见,有个客户约见,,客户,`2025-06-27 20:00:00,`2025-06-27 21:00:00,`2025-06-27 19:45:00,否,,,,明天晚上8点,明天晚上9点,明天晚上7点45分
用户:后天早上8点帮我记个工作会议哈; 你:好的，要持续多长时间啊？; 用户:大概2小时吧; 你:提前15分钟提醒你可以吗？; 用户:ok,`2025-06-26 01:21:47,日程,会议,工作会议,,,`2025-06-28 08:00:00,`2025-06-28 10:00:00,`2025-06-28 07:45:00,否,,,,后天早上8点,后天早上10点,后天早上7点45分
用户:下周一9点我想去看牙医; 你:好的，什么时间提醒你？; 用户:提前3小时提醒我,`2025-06-26 01:21:47,日程,医疗,去看牙医,,,`2025-06-30 09:00:00,,`2025-06-30 06:00:00,否,,,,下周一9点,,下周一6点
用户:这周日下午6点帮我记个家庭聚餐; 你:好的亲，聚餐大概要多久呀？; 用户:差不多1个小时吧; 你:那我提前15分钟提醒你，可以吗？; 用户:ok,`2025-06-26 01:21:47,日程,家庭,家庭聚餐,,,`2025-06-29 18:00:00,`2025-06-29 19:00:00,`2025-06-29 17:45:00,否,,,,这周日下午6点,这周日下午7点,这周日下午5点45分
用户:帮我记下下周一晚上7点有个健身课; 你:好的，什么时间提醒你？; 用户:提前15分钟提醒我,`2025-06-26 01:21:47,日程,运动,有个健身课,,,`2025-06-30 19:00:00,,`2025-06-30 18:45:00,否,,,,下周一晚上7点,,下周一晚上6点45分
用户:帮我记一下下周二7点有个项目汇报会; 你:下周二7点到8点已经有客户约见了。汇报会要改个时间吗？; 用户:改到19点。; 你:好的，大概要开多久啊？; 用户:大概2小时吧。; 你:提前1小时提醒你，行不？; 用户:ok,`2025-06-26 01:21:47,日程,会议,项目汇报会,,,`2025-07-01 19:00:00,`2025-07-01 21:00:00,`2025-07-01 18:00:00,否,,,,下周二19点,下周二21点,下周二18点
用户:帮我记下下周三9点要看医生; 你:好的，会持续多久啊？; 用户:大概2小时吧。; 你:提前3小时叫你，成不？; 用户:ok,`2025-06-26 01:21:47,日程,医疗,看医生,,,`2025-07-02 09:00:00,`2025-07-02 11:00:00,`2025-07-02 06:00:00,否,,,,下周三9点,下周三11点,下周三6点
用户:帮我记一下下周四13点有个项目汇报会; 你:下周四13点到14点已经有客户拜访安排了。项目汇报会要换个时间吗？; 用户:不用换了，就这个时间。; 你:好嘞，提前15分钟叫你成不？; 用户:ok,`2025-06-26 01:21:47,日程,会议,项目汇报会,,,`2025-07-03 13:00:00,,`2025-07-03 12:45:00,否,,,,下周四13点,,下周四12点45分
用户:帮我记下下周五18点有个健身课程; 你:好的，什么时间提醒你？; 用户:提前15分钟提醒我,`2025-06-26 01:21:47,日程,运动,健身课程,,,`2025-07-04 18:00:00,,`2025-07-04 17:45:00,否,,,,下周五18点,,下周五17点45分
用户:帮我记下下周六上午10点有个健身课; 你:好的，什么时间提醒你？; 用户:提前2小时提醒我,`2025-06-26 01:21:47,日程,运动,有个健身课,,,`2025-07-05 10:00:00,,`2025-07-05 08:00:00,否,,,,下周六上午10点,,下周六上午8点
用户:帮我记下下周日13点有个家庭聚餐; 你:好的，会持续多久啊？; 用户:大概2小时吧。; 你:什么时间提醒你？; 用户:提前1小时提醒我,`2025-06-26 01:21:47,日程,聚会,家庭聚餐,,,`2025-07-06 13:00:00,`2025-07-06 15:00:00,`2025-07-06 12:00:00,否,,,,下周日13点,下周日15点,下周日12点
用户:帮我记下下周天18点约了朋友吃饭; 你:好的，什么时间提醒你？; 用户:提前3小时提醒我,`2025-06-26 01:21:47,日程,聚会,约了朋友吃饭,,朋友,`2025-07-06 18:00:00,,`2025-07-06 15:00:00,否,,,,下周天18点,,下周天15点
用户:帮我记下今天10点有个项目会议; 你:好的，会持续多久啊？; 用户:大概1小时吧; 你:什么时间提醒你？; 用户:提前1小时提醒我,`2025-06-27 04:00:31,日程,会议,项目会议,,,`2025-06-27 10:00:00,`2025-06-27 11:00:00,`2025-06-27 09:00:00,否,,,,今天10点,今天11点,今天9点
用户:明天下午5点帮我记个客户约谈; 你:好的，大概要多久啊？; 用户:差不多1小时吧; 你:提前半小时提醒你，可以吗？; 用户:ok,`2025-06-27 04:00:31,日程,约见,客户约谈,,客户,`2025-06-28 17:00:00,`2025-06-28 18:00:00,`2025-06-28 16:30:00,否,,,,明天下午5点,明天下午6点,明天下午4点30分
用户:帮我记下后天早上8点有个重要会议; 你:好的，什么时间提醒你呢？; 用户:提前3小时提醒我,`2025-06-27 04:00:31,日程,会议,重要会议,,,`2025-06-29 08:00:00,,`2025-06-29 05:00:00,否,,,,后天早上8点,,后天早上5点
用户:周二早上9点帮我记个客户会议; 你:周二9点到10点已经有项目评审会啦。客户会议要改个时间不？; 用户:不用改; 你:好的，这个会要开多久啊？; 用户:大概2小时吧; 你:提前15分钟提醒你可以吗？; 用户:可以,`2025-06-27 04:00:31,日程,会议,客户会议,,,`2025-07-01 09:00:00,`2025-07-01 11:00:00,`2025-07-01 08:45:00,否,,,,周二早上9点,周二早上11点,周二早上8点45分
用户:帮我记周日下午1点有个项目讨论会; 你:周日下午1点到2点已经有团队周例会了。项目讨论会要换个时间吗？; 用户:改到周日13点吧; 你:好的，会持续多久啊？; 用户:大概1小时吧; 你:提前半小时叫你，成不？; 用户:ok,`2025-06-27 04:00:31,日程,会议,项目讨论会,,,`2025-06-29 13:00:00,`2025-06-29 14:00:00,`2025-06-29 12:30:00,否,,,,周日13点,周日14点,周日12点30分
用户:这周日晚上8点帮我记个展会参观; 你:好嘞，大概要逛多久呀？; 用户:差不多2小时吧; 你:提前1小时提醒你，来得及不？; 用户:可以,`2025-06-27 04:00:31,日程,展会,参观展会,,,`2025-06-29 20:00:00,`2025-06-29 22:00:00,`2025-06-29 19:00:00,否,,,,这周日晚上8点,这周日晚上10点,这周日晚上7点
用户:帮我记下下周一7点有个业务洽谈会; 你:好的，要提前多久提醒你呢？; 用户:提前3小时提醒我,`2025-06-27 04:00:31,日程,会议,有个业务洽谈会,,,`2025-06-30 07:00:00,,`2025-06-30 04:00:00,否,,,,下周一7点,,下周一4点
用户:帮我记下下周二下午1点有个团队会议; 你:好的，会持续多久啊？; 用户:大概1小时吧。; 你:什么时间提醒你？; 用户:提前15分钟提醒我,`2025-06-27 04:00:31,日程,会议,团队会议,,,`2025-07-01 13:00:00,`2025-07-01 14:00:00,`2025-07-01 12:45:00,否,,,,下周二下午1点,下周二下午2点,下周二下午12点45分
用户:帮我记一下下周三晚上8点有个项目汇报会; 你:下周三晚上8点到9点已经有团队聚餐了。项目汇报会要换个时间吗？; 用户:改到晚上6点吧; 你:好的，这个汇报会大概要多久啊？; 用户:大概2小时吧; 你:提前3小时提醒你，可以吗？; 用户:ok,`2025-06-27 04:00:31,日程,会议,项目汇报会,,,`2025-07-02 18:00:00,`2025-07-02 20:00:00,`2025-07-02 15:00:00,否,,,,下周三晚上6点,下周三晚上8点,下周三下午3点
用户:帮我记一下下周四晚上11点有个产品展示会; 你:下周四晚上11点到12点已经有市场部例会了。产品展示会要换个时间吗？; 用户:改到11点; 你:好的，会持续多久啊？; 用户:大概2小时吧; 你:什么时间提醒你？; 用户:提前1小时提醒我,`2025-06-27 04:00:31,日程,展会,产品展示会,,,`2025-07-03 23:00:00,`2025-07-04 01:00:00,`2025-07-03 22:00:00,否,,,,下周四晚上11点,下周五凌晨1点,下周四晚上10点
用户:帮我记一下下周五8点有个团队聚餐; 你:下周五8点到10点已经有项目复盘会了。团队聚餐要换个时间吗？; 用户:改到19点。; 你:好的，会持续多久啊？; 用户:大概2小时吧。; 你:提前15分钟叫你，成不？; 用户:ok,`2025-06-27 04:00:31,日程,聚会,团队聚餐,,,`2025-07-04 19:00:00,`2025-07-04 21:00:00,`2025-07-04 18:45:00,否,,,,下周五19点,下周五21点,下周五18点45分
用户:帮我记下下周六早上8点要去看牙医; 你:好嘞，什么时间提醒你？; 用户:提前15分钟提醒我就行,`2025-06-27 04:00:31,日程,医疗,去看牙医,,,`2025-07-05 08:00:00,,`2025-07-05 07:45:00,否,,,,下周六早上8点,,下周六早上7点45分
用户:帮我记下下周日8点有个项目会议; 你:好嘞，什么时间提醒你？; 用户:提前1小时提醒我,`2025-06-27 04:00:31,日程,会议,有个项目会议,,,`2025-07-06 08:00:00,,`2025-07-06 07:00:00,否,,,,下周日8点,,下周日7点
用户:帮我记一下下周天2点有个项目会议; 你:下周天2点到3点已经有团队聚餐了。项目会议要换个时间吗？; 用户:改到14点。; 你:好的，会持续多久啊？; 用户:大概2小时吧。; 你:提前15分钟叫你，成不？; 用户:ok,`2025-06-27 04:00:31,日程,会议,项目会议,,,`2025-07-06 14:00:00,`2025-07-06 16:00:00,`2025-07-06 13:45:00,否,,,,下周天14点,下周天16点,下周天13点45分
用户:帮我记一下今天8点有个项目会议; 你:今天8点到10点已经有客户拜访了。项目会议要改个时间吗？; 用户:改到11点吧。; 你:好的，会持续多久啊？; 用户:大概2小时吧。; 你:提前3小时叫你，成不？; 用户:ok,`2025-06-28 01:02:51,日程,会议,项目会议,,,`2025-06-28 11:00:00,`2025-06-28 13:00:00,`2025-06-28 08:00:00,否,,,,今天11点,今天13点,今天8点
用户:帮我记下明天中午12点有个客户约见; 你:好的，会持续多久啊？; 用户:大概1小时吧; 你:提前15分钟叫你，成不？; 用户:ok,`2025-06-28 01:02:51,日程,约见,有个客户约见,,客户,`2025-06-29 12:00:00,`2025-06-29 13:00:00,`2025-06-29 11:45:00,否,,,,明天中午12点,明天中午1点,明天中午11点45分
用户:后天下午3点帮我记个客户拜访; 你:好的，大概要多久啊？; 用户:差不多1小时吧; 你:那我提前半小时提醒你，可以吗？; 用户:行,`2025-06-28 01:02:51,日程,拜访,客户拜访,,客户,`2025-06-30 15:00:00,`2025-06-30 16:00:00,`2025-06-30 14:30:00,否,,,,后天下午3点,后天下午4点,后天下午2点30分
用户:周二9点帮我记个客户拜访; 你:周二9点到10点已经有部门例会了。客户拜访要改时间吗？; 用户:改到11点; 你:好的，会持续多久啊？; 用户:大概1小时吧; 你:提前15分钟叫你，成不？; 用户:ok,`2025-06-28 01:02:51,日程,拜访,客户拜访,,客户,`2025-07-01 11:00:00,`2025-07-01 12:00:00,`2025-07-01 10:45:00,否,,,,周二11点,周二12点,周二10点45分
用户:帮我记周四8点有个项目讨论会; 你:周四8点到9点已经有客户接待安排了。项目讨论会要换个时间吗？; 用户:改到20点吧; 你:好的，大概要多久啊？; 用户:大概1小时吧; 你:提前2小时叫你，行不？; 用户:ok,`2025-06-28 01:02:51,日程,会议,项目讨论会,,,`2025-07-03 20:00:00,`2025-07-03 21:00:00,`2025-07-03 18:00:00,否,,,,周四20点,周四21点,周四18点
用户:这周六下午3点帮我记个健身计划呗; 你:好的，大概要练多久啊？; 用户:差不多两小时吧; 你:提前15分钟提醒你够不够？; 用户:可以,`2025-06-28 01:02:51,日程,运动,健身计划,,,`2025-06-28 15:00:00,`2025-06-28 17:00:00,`2025-06-28 14:45:00,否,,,,这周六下午3点,这周六下午5点,这周六下午2点45分
用户:这周日下午4点帮我记个客户约见; 你:好的，大概要谈多久呀？; 用户:差不多2小时吧; 你:提前2小时提醒你可以吗？; 用户:没问题,`2025-06-28 01:02:51,日程,约见,客户约见,,客户,`2025-06-29 16:00:00,`2025-06-29 18:00:00,`2025-06-29 14:00:00,否,,,,这周日下午4点,这周日下午6点,这周日下午2点
用户:帮我记下下周一晚上8点有个项目汇报会; 你:收到啦，要提前多久提醒你呢？; 用户:提前3小时提醒我,`2025-06-28 01:02:51,日程,会议,项目汇报会,,,`2025-06-30 20:00:00,,`2025-06-30 15:00:00,否,,,,下周一晚上8点,,下周一下午3点
用户:帮我记下下周二下午2点有个产品演示会; 你:好的，什么时间提醒你？; 用户:提前半小时提醒我,`2025-06-28 01:02:51,日程,会议,产品演示会,,,`2025-07-01 14:00:00,,`2025-07-01 13:30:00,否,,,,下周二下午2点,,下周二下午1点30分
用户:帮我记下下周三17点有个团队周会; 你:好的，会持续多久啊？; 用户:大概2小时吧。; 你:提前2小时叫你，成不？; 用户:ok,`2025-06-28 01:02:51,日程,会议,团队周会,,,`2025-07-02 17:00:00,`2025-07-02 19:00:00,`2025-07-02 15:00:00,否,,,,下周三17点,下周三19点,下周三15点
用户:帮我记下下周四下午1点有个项目会议; 你:好的，会持续多久啊？; 用户:大概2小时吧。; 你:什么时间提醒你？; 用户:提前3小时提醒我,`2025-06-28 01:02:51,日程,会议,项目会议,,,`2025-07-03 13:00:00,`2025-07-03 15:00:00,`2025-07-03 10:00:00,否,,,,下周四下午1点,下周四下午3点,下周四上午10点
用户:帮我把下周五17点约个健身课; 你:下周五午5点已经有团建聚餐了。健身课要换个时间吗？; 用户:那就还是下周五17点吧; 你:好嘞，提前15分钟提醒你成不？; 用户:可以,`2025-06-28 01:02:51,日程,运动,约个健身课,,,`2025-07-04 17:00:00,,`2025-07-04 16:45:00,否,,,,下周五17点,,提前15分钟
用户:帮我记下下周六早上8点有个项目汇报; 你:好的，会持续多久啊？; 用户:大概2小时吧。; 你:什么时间提醒你？; 用户:提前15分钟提醒我,`2025-06-28 01:02:51,日程,工作,项目汇报,,,`2025-07-05 08:00:00,`2025-07-05 10:00:00,`2025-07-05 07:45:00,否,,,,下周六早上8点,下周六早上10点,下周六早上7点45分
用户:帮我记一下下周日17点有个家庭聚餐; 你:好的，什么时间提醒你？; 用户:提前半小时提醒我,`2025-06-28 01:02:51,日程,聚会,家庭聚餐,,,`2025-07-06 17:00:00,,`2025-07-06 16:30:00,否,,,,下周日17点,,下周日16点30分
用户:帮我记一下今天16点有个项目会议; 你:好的，会持续多久啊？; 用户:大概2小时吧。; 你:什么时间提醒你？; 用户:提前1小时提醒我,`2025-06-29 02:05:38,日程,会议,项目会议,,,`2025-06-29 16:00:00,`2025-06-29 18:00:00,`2025-06-29 15:00:00,否,,,,今天16点,今天18点,今天15点
用户:帮我记一下明天9点有个产品方案讨论会; 你:明天上午9点到11点已经有供应商会议了。产品方案讨论会要换个时间吗？; 用户:改到下午3点吧; 你:好的，会持续多久啊？; 用户:大概2小时吧; 你:提前半小时叫你，成不？; 用户:ok,`2025-06-29 02:05:38,日程,会议,产品方案讨论会,,,`2025-06-30 15:00:00,`2025-06-30 17:00:00,`2025-06-30 14:30:00,否,,,,明天下午3点,明天下午5点,明天下午2点30分
用户:帮我记一下后天9点有个客户拜访; 你:好的，需要提前多久提醒你啊？; 用户:提前3小时提醒我,`2025-06-29 02:05:38,日程,拜访,有个客户拜访,,客户,`2025-07-01 09:00:00,,`2025-07-01 06:00:00,否,,,,后天9点,,提前3小时
用户:周四4点帮我记个客户拜访啊; 你:周四4点到5点已经有产品培训了。客户拜访要改时间吗？; 用户:改到16点吧; 你:好的，要持续多久呢？; 用户:大概1小时吧; 你:提前半小时提醒你可以吗？; 用户:ok,`2025-06-29 02:05:38,日程,拜访,客户拜访,,客户,`2025-07-03 16:00:00,`2025-07-03 17:00:00,`2025-07-03 15:30:00,否,,,,周四16点,周四17点,周四15点30分
用户:周六晚上6点帮我记个应酬局哈; 你:周六18点已经有工作会议安排了。这个应酬要改时间不？; 用户:改到18点吧; 你:什么时间提醒你？; 用户:提前2小时提醒我,`2025-06-29 02:05:38,日程,应酬,应酬局,,,`2025-07-05 18:00:00,,`2025-07-05 16:00:00,否,,,,周六18点,,周六16点
用户:帮我记下下周一12点有个客户拜访; 你:好嘞，什么时间提醒你？; 用户:提前1小时提醒我,`2025-06-29 02:05:38,日程,拜访,有个客户拜访,,客户,`2025-06-30 12:00:00,,`2025-06-30 11:00:00,否,,,,下周一12点,,下周一11点
用户:帮我记下下周二17点有个出差会议; 你:好的，什么时间提醒你？; 用户:提前1小时提醒我,`2025-06-29 02:05:38,日程,会议,出差会议,,,`2025-07-01 17:00:00,,`2025-07-01 16:00:00,否,,,,下周二17点,,下周二16点
用户:帮我记一下下周三16点有个团队会议; 你:下周三16点到17点已经有项目进度汇报了。团队会议要换个时间吗？; 用户:不用换，就这个时间。; 你:什么时间提醒你？; 用户:提前15分钟提醒我,`2025-06-29 02:05:38,日程,会议,团队会议,,,`2025-07-02 16:00:00,,`2025-07-02 15:45:00,否,,,,下周三16点,,提前15分钟
用户:帮我记下下周四中午12点有个项目汇报会; 你:好嘞，什么时间提醒你？; 用户:提前1小时提醒我,`2025-06-29 02:05:38,日程,会议,有个项目汇报会,,,`2025-07-03 12:00:00,,`2025-07-03 11:00:00,否,,,,下周四中午12点,,下周四上午11点
用户:下周五早上9点帮我记个产品发布会; 你:好的，什么时间提醒你？; 用户:提前2小时提醒我,`2025-06-29 02:05:38,日程,展会,产品发布会,,,`2025-07-04 09:00:00,,`2025-07-04 07:00:00,否,,,,下周五早上9点,,下周五早上7点
用户:帮我记下下周六上午10点有个客户约见; 你:好的，什么时间提醒你？; 用户:提前3小时提醒我,`2025-06-29 02:05:38,日程,约见,有个客户约见,,客户,`2025-07-05 10:00:00,,`2025-07-05 07:00:00,否,,,,下周六上午10点,,下周六上午7点
用户:帮我记一下下周日晚上7点有个健身课; 你:下周日19点到21点已经有朋友聚餐了。健身课要换个时间吗？; 用户:改到下午5点吧; 你:好的，会持续多久啊？; 用户:大概2小时吧; 你:提前3小时叫你，成不？; 用户:ok,`2025-06-29 02:05:38,日程,运动,健身课,,,`2025-07-06 17:00:00,`2025-07-06 19:00:00,`2025-07-06 14:00:00,否,,,,下周日下午5点,下周日下午7点,下周日下午2点
用户:帮我记下今天9点有个项目碰头会; 你:好的，什么时间提醒你？; 用户:提前2小时提醒我,`2025-06-30 05:50:17,日程,会议,项目碰头会,,,`2025-06-30 09:00:00,,`2025-06-30 07:00:00,否,,,,今天9点,,今天7点
用户:明天晚上8点帮我记个健身计划; 你:好的，锻炼多久啊？; 用户:大概1小时吧。; 你:提前1小时提醒你，可以吗？; 用户:没问题,`2025-06-30 05:50:17,日程,运动,健身计划,,,`2025-07-01 20:00:00,`2025-07-01 21:00:00,`2025-07-01 19:00:00,否,,,,明天晚上8点,明天晚上9点,明天晚上7点
用户:后天晚上8点帮我记个应酬; 你:好的，会持续多久啊？; 用户:大概2个小时吧。; 你:提前2小时叫你，成不？; 用户:ok,`2025-06-30 05:50:17,日程,应酬,应酬,,,`2025-07-02 20:00:00,`2025-07-02 22:00:00,`2025-07-02 18:00:00,否,,,,后天晚上8点,后天晚上10点,后天晚上6点
用户:麻烦帮我安排下周一7点有个季度复盘会; 你:7点到9点已经有健身私教课了。闺蜜聚会要换个时间吗？; 用户:改到下午5点吧。; 你:好的，这个会议大概要开多久呀？; 用户:预计2小时左右; 你:提前3小时提醒你，可以吗？; 用户:没问题,`2025-06-30 05:50:17,日程,会议,季度复盘会,,,`2025-07-07 17:00:00,`2025-07-07 19:00:00,`2025-07-07 12:00:00,否,,,,下周一下午5点,下周一晚上7点,下周一中午12点
用户:下周二6点帮我记录个客户拜访; 你:好的，你:6点到9点已经有健身私教课了。闺蜜聚会要换个时间吗？; 用户:改到10点吧。; 你:好的，大概要多久啊？; 用户:差不多2小时吧; 你:提前半小时提醒你，可以吗？; 用户:行,`2025-06-30 05:50:17,日程,拜访,客户拜访,,客户,`2025-07-08 10:00:00,`2025-07-08 12:00:00,`2025-07-08 09:30:00,否,,,,下周二10点,下周二12点,下周二9点半
用户:帮我记下下周三7点有个团队复盘会; 你:7点到9点已经有健身私教课了。闺蜜聚会要换个时间吗？; 用户:改到17点吧。; 你:好的，会持续多久啊？; 用户:大概1小时吧。; 你:提前15分钟叫你，成不？; 用户:ok,`2025-06-30 05:50:17,日程,会议,团队复盘会,,,`2025-07-09 17:00:00,`2025-07-09 18:00:00,`2025-07-09 16:45:00,否,,,,下周三17点,下周三18点,下周三16点45分
用户:帮我记下下周四晚上8点有个项目讨论会; 你:晚上8点到9点已经有健身私教课了。闺蜜聚会要换个时间吗？; 用户:改到下午3点吧。; 你:好的，大概要开多久呀？; 用户:差不多1小时吧; 你:提前15分钟提醒你可以吗？; 用户:没问题,`2025-06-30 05:50:17,日程,会议,项目讨论会,,,`2025-07-10 15:00:00,`2025-07-10 16:00:00,`2025-07-10 14:45:00,否,,,,下周四下午3点,下周四下午4点,下周四下午2点45分
用户:帮我记下下周五凌晨2点有个项目汇报会; 你:2点到3点已经有健身私教课了。闺蜜聚会要换个时间吗？; 用户:改到下午2点吧。; 你:好的，这个会议大概要开多久呀？; 用户:大概1小时吧。; 你:什么时间提醒你？; 用户:提前1小时提醒我,`2025-06-30 05:50:17,日程,会议,项目汇报会,,,`2025-07-11 14:00:00,`2025-07-11 15:00:00,`2025-07-11 13:00:00,否,,,,下周五下午2点,下周五下午3点,下周五上午1点
用户:帮我记下下周六晚上8点有个团队培训; 你:晚上8点到9点已经有健身私教课了。闺蜜聚会要换个时间吗？; 用户:改到8点吧。; 你:好的，大概要多长时间呀？; 用户:差不多2个小时吧; 你:提前半小时提醒你，可以吗？; 用户:ok,`2025-06-30 05:50:17,日程,培训,团队培训,,,`2025-07-12 20:00:00,`2025-07-12 22:00:00,`2025-07-12 19:30:00,否,,,,下周六晚上8点,下周六晚上10点,下周六晚上7点30分
用户:帮我记下下周日8点有个家庭聚餐; 你:8点到9点已经有健身私教课了。闺蜜聚会要换个时间吗？; 用户:改到晚上8点吧。; 你:好的，提前2小时提醒你可以吗？; 用户:没问题,`2025-06-30 05:50:17,日程,聚会,家庭聚餐,,,`2025-07-13 20:00:00,,`2025-07-13 18:00:00,否,,,,下周日晚上8点,,提前2小时
用户:帮我记一下下周日8点有个家庭聚餐; 你:8点到9点已经有健身私教课了。闺蜜聚会要换个时间吗？; 用户:改到中午12吧。; 你:好的，会持续多久啊？; 用户:大概1小时吧。; 你:什么时间提醒你？; 用户:提前1小时提醒我,`2025-06-30 05:50:17,日程,聚会,家庭聚餐,,,`2025-07-13 12:00:00,`2025-07-13 13:00:00,`2025-07-13 11:00:00,否,,,,下周日中午12点,下周日中午1点,下周日上午11点
用户:帮我记下明天下午2点有个客户会议; 你:明天下午两点到下午4点已经有客户会议了。客户会议要换个时间吗？; 用户:换成上午9点，赶在客户下班前。; 你:好嘞，在哪儿开呀？; 用户:客户公司会议室; 你:好的，会持续多久啊？; 用户:大概一个小时吧。; 你:提前十五分钟叫你成不？; 用户:成,`2025-06-27 03:35:44,日程,会议,客户会议,客户公司会议室,客户,`2025-06-28 09:00:00,`2025-06-28 10:00:00,`2025-06-28 08:45:00,否,,,,明天上午9点,明天上午10点,明天上午8点45分
用户:周三上午10点我要去上英语课; 你:下周三上午10点半到上午11点半已经有面试了。上英语课要换个时间吗？; 用户:好的，那我把英语课的时间调整到上午9点到10点。; 你:好嘞，提前多久提醒你啊？; 用户:一个小时,`2025-06-28 13:23:22,日程,学习,去上英语课,,,`2025-07-02 09:00:00,`2025-07-02 10:00:00,`2025-07-02 08:00:00,否,,,,周三上午9点,周三上午10点,周三上午8点
用户:周四上午10点我要去北京汽车展; 你:周四上午10点半到上午11点半已经有面试了。去健身房要换个时间吗？; 用户:好的，那调整到上午9点,`2025-06-25 08:58:23,日程,展会,去北京汽车展,北京,,`2025-06-26 09:00:00,,,否,,,,周四上午9点,,
用户:周五晚上7点有个饭局; 你:收到，提前多久提醒你？; 用户:20分钟  ,`2025-06-24 04:34:57,日程,聚会,有个饭局,,,`2025-06-27 19:00:00,,`2025-06-27 18:40:00,否,,,,周五晚上7点,,周五晚上6点40分
用户:下周一下午3点到5点有个项目评审会; 你:收到咧，在哪儿开呀？; 用户:改到下周二上午10点开。; 你:好嘞，提前15分钟叫你，行不？; 用户:别定闹钟了，我自己记得住。; 你:收到啦，要持续多久呀？; 用户:大概1个小时吧。,`2025-06-24 09:22:13,日程,会议,项目评审会,,,`2025-07-01 10:00:00,`2025-07-01 11:00:00,,否,,,,下周二上午10点,下周二上午11点,
用户:后天上午我要去医院体检; 你:好的，啥时候开始？; 用户:上午九点开始; 你:好嘞，啥时候提醒你？; 用户:明天下午三点提醒我一下。  ,`2025-06-24 20:07:34,日程,医疗,去医院体检,,,`2025-06-26 09:00:00,,`2025-06-25 15:00:00,否,,,,后天上午九点,,明天下午三点
用户:明天下午4点约了张总谈合作; 你:好的，要开多久啊？在哪儿开呀？; 用户:大概1小时吧，就在公司会议室。; 你:好嘞，提前15分钟提醒你哈？; 用户:好的,`2025-06-25 23:40:14,日程,约见,约张总谈合作,公司会议室,张总,`2025-06-26 16:00:00,`2025-06-26 17:00:00,`2025-06-26 15:45:00,否,,,,明天下午4点,明天下午5点,明天下午3点45分
用户:这周六上午10点要去接机; 你:周六上午10点到上午11点已经有线上会议了。去接机要换个时间吗？; 用户:调整接机到下周日。; 你:没问题，提前3小时叫你，可以吗？; 用户:好的，没问题。,`2025-06-27 16:01:37,日程,接机,去接机,,,,,,否,,,,下周日,,提前3小时
用户:周四下午3点到4点有个电话会议; 你:好嘞，在哪儿开呀？; 用户:视频会议; 你:好嘞，提前15分钟提醒你，行不？; 用户:好的，没问题。,`2025-06-27 03:53:19,日程,会议,有个电话会议,视频会议,,`2025-07-03 15:00:00,`2025-07-03 16:00:00,`2025-07-03 14:45:00,否,,,,周四下午3点,周四下午4点,周四下午2点45分
用户:下个月5号要交季度报告; 你:好嘞，啥时候开始？; 用户:下午两点; 你:下午两点已经被社团活动占了。下个月5号要交季度报告需要改个时间吗？; 用户:不用改，我可以提前完成社团活动。; 你:没问题，啥时候提醒你？; 用户:下午一点,`2025-06-27 01:57:03,待办,,下个月5号要交季度报告,,,`2025-07-05 14:00:00,,`2025-07-05 13:00:00,否,,,,下个月5日下午2点,,下个月5日下午1点
用户:明天中午12点和李经理吃饭; 你:没问题，要多久啊？在哪碰头？; 用户:大概一小时，停车场见。; 你:没问题，啥时候提醒你？; 用户:11点。  ,`2025-06-29 06:22:03,日程,聚会,和李经理吃饭,停车场,李经理,`2025-06-30 12:00:00,`2025-06-30 13:00:00,`2025-06-30 11:00:00,否,,,,明天中午12点,明天中午1点,明天中午11点
用户:下周二上午9点要面试新人; 你:上午9点已经被与客户谈合同占了。面试新人需要改个时间吗？; 用户:好的，那把面试时间调整到下周二上午10点吧。;你:好的，要开多久啊？在哪儿开呀？; 用户:面试预计开1小时，地点在公司会议室。; 你:提前15分钟提醒你啊？; 用户:好的，没问题。,`2025-06-28 13:33:28,日程,面试,面试新人,公司会议室,,`2025-07-01 10:00:00,`2025-07-01 11:00:00,`2025-07-01 09:45:00,否,,,,下周二上午10点,下周二上午11点,下周二上午9点45分
用户:这周五晚上6点参加同学聚会; 你:没问题，哪儿见呀？; 用户:在市中心的餐厅。; 你:收到啦，啥时候提醒你呀？; 用户:提前2小时提醒,`2025-06-29 15:42:17,日程,聚会,参加同学聚会,市中心的餐厅,,`2025-06-27 18:00:00,,`2025-06-27 16:00:00,否,,,,这周五晚上6点,,提前2小时
用户:明天早上8点要赶高铁; 你:好嘞，提前仨小时叫你哈？; 用户:别三小时了，提前俩小时就行。  ,`2025-06-26 06:53:31,日程,交通,要赶高铁,,,`2025-06-27 08:00:00,,`2025-06-27 06:00:00,否,,,,明天早上8点,,明天早上6点
用户:下周三下午2点到4点参加培训; 你:下周三下午两点到下午4点，有2个日程，参加培训要换个时间吗？; 用户:这个时间对我没问题，不需要调整。; 你:没问题，在哪儿开会？; 用户:会议室A; 你:好的，提前15分钟叫你成吗？; 用户:成，谢谢。,`2025-06-26 19:47:55,日程,培训,参加培训,会议室A,,`2025-07-02 14:00:00,`2025-07-02 16:00:00,`2025-07-02 13:45:00,否,,,,下周三下午2点,下周三下午4点,下周三上午1点45分
用户:下周五下午3点要见投资人; 你:下周五下午3点到下午4点已经有部门例会了。下周五下午3点要见投资人要换个时间吗？; 用户:好。,`2025-06-26 00:32:21,日程,约见,要见投资人,,投资人,`2025-07-04 15:00:00,,,否,,,,下周五下午3点,,
用户:下周五下午3点要见投资人; 你:下周五下午3点到下午4点已经有部门例会了。下周五下午3点要见投资人要换个时间吗？; 用户:好，改到4点。,`2025-06-29 18:27:45,日程,约见,要见投资人,,投资人,`2025-07-04 16:00:00,,,否,,,,下周五下午4点,,
用户:过几天要去北京出差; 你:收到啦，啥时候开始啊？; 用户:下周二早上八点; 你:好嘞，提前3小时叫你成不？; 用户:改成下周三走吧，周二不太方便。; ,`2025-06-28 21:20:14,日程,差旅,去北京出差,北京,,`2025-07-02 08:00:00,,,否,,,,下周三早上八点,,
用户:明天晚上7点看牙医; 你:明天下午6点到晚上8点已经有面试了。看牙医要换个时间吗？; 用户:好的，那我改到明天上午10点吧。; 你:好嘞，啥时候提醒你？; 用户:提前10分钟提醒。,`2025-06-28 05:14:27,日程,医疗,看牙医,,,`2025-06-29 10:00:00,,`2025-06-29 09:50:00,否,,,,明天上午10点,,明天上午9点50分
用户:帮我记一下明天下午的客户会议; 你:啥时候开始啊？要多久？; 用户:后天上午九点，预计两小时。; 你:下周二上午10点到上午11点，还有项目评审会，可能比较赶，客户会议要换个时间吗？; 用户:客户会议可以改到下周三上午9点; ,`2025-06-29 02:41:45,日程,会议,客户会议,,,`2025-07-02 09:00:00,`2025-07-02 11:00:00,,否,,,,下周三上午9点,下周三上午11点,
用户:提醒我今晚健身; 你:没问题，几点提醒你？; 用户:晚上8点提醒我  ,`2025-06-29 13:43:46,待办,运动,健身,,,`2025-06-29 20:00:00,,`2025-06-29 20:00:00,否,,,,晚上8点,,晚上8点
用户:帮我记下明天要买生日礼物; 你:好嘞，啥时候提醒你？; 用户:明天下午2点提醒我。,`2025-06-28 00:33:21,待办,购物,买生日礼物,,,`2025-06-29 14:00:00,,`2025-06-29 14:00:00,否,,,,明天下午2点,,明天下午2点
用户:提醒我明天给妈妈打电话; 你:没问题，几点提醒你？; 用户:中午十二点提醒我,`2025-06-25 12:08:07,待办,,给妈妈打电话,,妈妈,`2025-06-26 12:00:00,,`2025-06-26 12:00:00,否,,,,明天中午12点,,明天中午12点
用户:记下下周要出差; 你:好嘞，啥时候开始？; 用户:下周一下午两点; 你:周日下午两点到下午3点已经有拍全家福了。出差要换个时间吗？; 用户:不改。; ,`2025-06-27 12:05:49,日程,差旅,下周要出差,,,`2025-06-30 14:00:00,,,否,,,,下周一下午两点,,
用户:帮我记下每月15号交房租; 你:好嘞，几点提醒你？; 用户:上午十点提醒我  ,`2025-06-25 19:19:20,待办,缴费,交房租,,,`2025-07-15 00:00:00,,`2025-07-15 10:00:00,是,月,15,,每月15号,,每月15日上午十点
用户:提醒我明天带文件; 你:好嘞，几点提醒你？; 用户:明天早上8点提醒我带文件。,`2025-06-25 10:55:33,待办,,带文件,,,`2025-06-26 08:00:00,,`2025-06-26 08:00:00,否,,,,明天早上8点,,明天早上8点
用户:记下下周一项目汇报; 你:好呀，啥时候开始？要多久啊？; 用户:下周一上午11点开始，应该很快，20分钟左右。你:那啥时候提醒你啊？; 用户:提前15分钟。,`2025-06-24 10:15:10,日程,会议,项目汇报,,,`2025-06-30 11:00:00,`2025-06-30 11:20:00,`2025-06-30 10:45:00,否,,,,下周一上午11点,下周一上午11点20分,下周一上午10点45分
用户:记下月底要交报销单; 你:好嘞，啥时候提醒你？; 用户:后天下午三点提醒我,`2025-06-26 14:39:43,待办,,月底要交报销单,,,`2025-06-28 15:00:00,,`2025-06-28 15:00:00,否,,,,后天下午三点,,后天下午三点
用户:提醒我明天取干洗衣物; 你:好嘞，几点提醒你？; 用户:七点提醒我，谢谢。,`2025-06-29 09:42:52,待办,购物,取干洗衣物,,,`2025-06-30 07:00:00,,`2025-06-30 07:00:00,否,,,,明天7点,,明天7点
用户:周四早上7点晨跑; 你:是周四早上七点提醒你吗？; 用户:麻烦你把时间调整为周四早上七点十五分。,`2025-06-29 08:32:21,日程,运动,晨跑,,,`2025-07-03 07:15:00,,,否,,,,周四早上七点十五分,,
用户:明天晚上8点线上课程; 你:明天晚上8点半到晚上9点，还有书法交流，可能比较赶，线上课程要换个时间吗？; 用户:明天晚上8点开始上课。; 你:好嘞，啥时候提醒你？; 用户:明天晚上7点50提醒我。,`2025-06-24 08:06:38,日程,学习,线上课程,,,`2025-06-25 20:00:00,,`2025-06-25 19:50:00,否,,,,明天晚上8点,,明天晚上7点50
用户:下周四下午5点接机; 你:什么时间提醒你？; 用户:上午十点提醒吧,`2025-06-30 22:37:09,日程,接机,接机,,,`2025-07-10 17:00:00,,`2025-07-10 10:00:00,否,,,,下周四下午5点,,下周四上午10点
用户:下周五晚上6点部门庆功宴; 你:下周五下午6点到晚上7点，有3个日程，部门庆功宴要换个时间吗？; 用户:不改; 你:没问题，提前多久提醒你？; 用户:30分钟,`2025-06-26 02:48:48,日程,聚会,部门庆功宴,,,`2025-07-04 18:00:00,,`2025-07-04 17:30:00,否,,,,下周五晚上6点,,下周五晚上5点30分
用户:周四晚上7点半家长会; 你:好的，持续多久啊？在哪儿开呀？; 用户:两小时，小区活动室; 你:行不？提前15分钟叫你啊！; 用户:提前半小时提醒，我怕堵车。,`2025-06-25 21:01:11,日程,会议,家长会,小区活动室,,`2025-06-26 19:30:00,`2025-06-26 21:30:00,`2025-06-26 19:00:00,否,,,,周四晚上7点半,周四晚上9点半,周四晚上7点
用户:下周一早上6点送父母旅游; 你:是周一早上六点提醒你吗？; 用户:对，就是周一早上六点提醒我。,`2025-06-25 23:05:28,待办,出行,送父母旅游,,父母,`2025-06-30 06:00:00,,`2025-06-30 06:00:00,否,,,,下周一早上6点,,下周一早上6点
用户:明天下午3点新车保养; 你:明天下午三点提醒你？; 用户:是的，三点提醒,`2025-06-25 06:38:19,日程,出行,新车保养,,,`2025-06-26 15:00:00,,`2025-06-26 15:00:00,否,,,,明天下午3点,,明天下午3点
用户:周三上午10点重要客户演示; 你:没问题，啥时候提醒你？; 用户:能在周三上午9点45分提醒我吗？,`2025-06-30 15:02:25,日程,演示,重要客户演示,,,`2025-07-02 10:00:00,,`2025-07-02 09:45:00,否,,,,周三上午10点,,周三上午9点45分
用户:下周二下午3点宠物洗澡; 你:是下周二下午3点提醒你吗？; 用户:是的，下午三点提醒我。,`2025-06-29 20:04:04,日程,宠物护理,宠物洗澡,,,`2025-07-01 15:00:00,,`2025-07-01 15:00:00,否,,,,下周二下午3点,,下周二下午3点
用户:下个月8号缴纳车险; 你:好嘞，啥时候提醒你？; 用户:下午三点吧,`2025-06-24 01:55:50,待办,缴费,缴纳车险,,,`2025-07-08 15:00:00,,`2025-07-08 15:00:00,否,,,,下个月8号下午3点,,下个月8号下午3点
用户:明天下午4点眼镜验光; 你:明下午四点提醒你？; 用户:好的  ,`2025-06-30 20:47:20,日程,医疗,眼镜验光,,,`2025-07-01 16:00:00,,`2025-07-01 16:00:00,否,,,,明日下午4点,,明日下午4点
用户:下周四晚上7点相亲; 你:周四晚上7点半到晚上9点半已经有家长会了。相亲要换个时间吗？; 用户:家长会几点结束？我看看能不能调整一下相亲的时间。  ; 你:没问题，会持续多长时间？在哪儿相亲？; 用户:相亲大概会持续两个小时左右，在咖啡馆见,`2025-06-30 20:47:45,日程,约会,相亲,咖啡馆,,`2025-07-10 19:00:00,`2025-07-10 21:00:00,,否,,,,下周四晚上7点,下周四晚上9点,
用户:周日早上9点带猫绝育; 你:周日上午九点提醒你？; 用户:好的  ,`2025-06-30 20:48:02,日程,医疗,带猫绝育,,,`2025-07-06 09:00:00,,`2025-07-06 09:00:00,否,,,,周日上午九点,,周日上午九点
用户:下周五下午2点新车贴膜; 你:下午两点提醒你吗？; 用户:改成下周五下午三点提醒吧。  ,`2025-06-30 20:48:20,待办,其他,新车贴膜,,,`2025-07-11 15:00:00,,`2025-07-11 15:00:00,否,,,,下周五下午3点,,下周五下午3点
用户:明天中午12点前同事聚会; 你:好呀，多久啊？在哪儿聚？; 用户:还是老地方公司会议室。  ; 你:好嘞，啥时候提醒你？; 用户:改成明天上午11点半提醒,`2025-06-30 20:48:50,日程,聚会,同事聚会,公司会议室,同事,`2025-07-01 12:00:00,,`2025-07-01 11:30:00,否,,,,明天中午12点,,明天上午11点半
用户:下周日下午3点亲子烘焙; 你:周日上午8点到晚上8点已经有搬家整理了。亲子烘焙要换个时间吗？; 用户:亲子烘焙还是维持原计划下周日下午3点，搬家整理时间再调整一下。  ; 你:收到，啥时候提醒你？; 用户:下周三早上9点提醒,`2025-06-30 20:49:16,日程,亲子活动,亲子烘焙,,,`2025-07-13 15:00:00,,`2025-07-09 09:00:00,否,,,,下周日下午3点,,下周三早上9点
用户:下个月15号缴纳车位费; 你:好嘞，啥时候提醒你？; 用户:下个月15号晚上7点提醒我,`2025-06-30 20:50:03,待办,,缴纳车位费,,,`2025-07-15 19:00:00,,`2025-07-15 19:00:00,否,,,,下个月15号晚上7点,,下个月15号晚上7点
用户:周五晚上6点公司年会; 你:下午6点已经被部门聚餐占了。公司年会需要改个时间吗？; 用户:我觉得可以把年会改在周六上午10点，这样大家都能参加。; 你:好的，会持续多长时间？在哪儿开会？; 用户:好的,`2025-06-30 20:50:29,日程,会议,公司年会,,,`2025-07-05 10:00:00,,,否,,,,周六上午10点,,
用户:下周三上午10点签证取件; 你:周三上午十点提醒你？; 用户:好的，就定在周三上午十点提醒我吧。  ,`2025-06-30 20:50:45,待办,取件,签证取件,,,`2025-07-09 10:00:00,,`2025-07-09 10:00:00,否,,,,下周三上午10点,,下周三上午10点
用户:明天下午1点试驾新车; 你:明天下午一点提醒你？; 用户:好的，设置明天下午一点的提醒。,`2025-06-30 20:47:29,待办,试驾,试驾新车,,,`2025-07-01 13:00:00,,`2025-07-01 13:00:00,否,,,,明天下午1点,,明天下午1点
用户:周四晚上7点私教课; 你:周四晚上七点提醒你？; 用户:提前半小时提醒,`2025-06-30 20:48:05,日程,运动,私教课,,,`2025-07-03 19:00:00,,`2025-07-03 18:30:00,否,,,,周四晚上7点,,周四晚上6点半
用户:周六早上6点赶高铁; 你:提前3小时提醒你？; 用户:好的,`2025-06-30 20:48:46,日程,出行,赶高铁,,,`2025-07-05 06:00:00,,`2025-07-05 03:00:00,否,,,,周六早上6点,,提前3小时
用户:下周三下午2点客户提案; 你:没问题，提前多久提醒你？; 用户:不设置提醒,`2025-06-30 20:49:05,日程,会议,客户提案,,客户,`2025-07-09 14:00:00,,,否,,,,下周三下午2点,,
用户:明天中午12点离职交接; 你:明天中午12点提醒你？; 用户:好的，就定在明天中午12点提醒我。  ,`2025-06-30 20:49:22,待办,,离职交接,,,`2025-07-01 12:00:00,,`2025-07-01 12:00:00,否,,,,明天中午12点,,明天中午12点
用户:下周六家具收货; 你:什么时间提醒你？; 用户:上午八点准时提醒我家具收货。,`2025-06-30 20:49:40,待办,购物,家具收货,,,`2025-07-12 08:00:00,,`2025-07-12 08:00:00,否,,,,下周六上午8点,,下周六上午8点
用户:周四早上7点晨练; 你:是周四早上七点提醒你？; 用户:不，改成周五早上七点提醒。  ,`2025-06-30 20:49:59,日程,运动,晨练,,,`2025-07-04 07:00:00,,`2025-07-04 07:00:00,否,,,,周五早上7点,,周五早上7点
用户:明天早上7点送孩子考级; 你:明早七点提醒你？; 用户:改成七点半提醒  ,`2025-06-30 20:47:19,日程,出行,送孩子考级,,孩子,`2025-07-01 07:00:00,,`2025-07-01 07:30:00,否,,,,明早7点30分,,明早7点30分
用户:周四下午4点提醒我去美睫预约; 你:收到嘞，啥时候提醒你啊？; 用户:下午3点50提醒我  ,`2025-06-30 20:48:01,待办,,去美睫预约,,,`2025-07-03 16:00:00,,`2025-07-03 15:50:00,否,,,,周四下午4点,,下午3点50
用户:周日早上8点骑行活动; 你:周日上午8点到晚上8点已经有搬家整理了。骑行活动要换个时间吗？; 用户:搬家整理能不能提前一点结束？我真的很想参加这个骑行活动。  ; 你:好的，提前3小时叫你，行吗？; 用户:行，那就提前3小时叫我。,`2025-06-30 20:48:54,日程,运动,骑行活动,,,`2025-07-06 08:00:00,,`2025-07-06 05:00:00,否,,,,周日早上8点,,提前3小时
用户:下周四中午12点投资人午餐; 你:收到咧，要持续多久啊？投资人午餐在哪儿呀？; 用户:这次午餐安排了2个小时，结束后我们会去附近的会议室讨论细节。; 你:好嘞，啥时候提醒你？; 用户:提前15分钟提醒我吧。,`2025-06-30 20:49:24,日程,约见,投资人午餐，结束后去附近的会议室讨论细节,,投资人,`2025-07-10 12:00:00,`2025-07-10 14:00:00,`2025-07-10 11:45:00,否,,,,下周四中午12点,下周四下午2点,下周四中午11点45分
用户:明天晚上9点直播答疑; 你:收到，啥时候提醒你？; 用户:今晚10点提醒我。  ,`2025-06-30 20:49:43,日程,直播,直播答疑,,,`2025-07-01 21:00:00,,`2025-06-30 22:00:00,否,,,,明天晚上9点,,今晚10点
用户:周三下午3点心理咨询; 你:周三上午8点到晚上8点已经有设备调试了。心理咨询要换个时间吗？; 用户:周三下午3点心理咨询。; 你:收到，啥时候提醒你？; 用户:提前一小时提醒。  ,`2025-06-30 20:50:38,日程,心理咨询,心理咨询,,,`2025-07-02 15:00:00,,`2025-07-02 14:00:00,否,,,,周三下午3点,,提前一小时
用户:下周一早上8点开学典礼; 你:下周一上午8点到上午9点，有2个日程，开学典礼要换个时间吗？; 用户:不用换时间，开学典礼就定在下周一上午8点吧。; 你:OK，啥时候提醒你？; 用户:开始前半小时提醒我。,`2025-06-30 20:51:06,日程,开学典礼,开学典礼,,,`2025-07-07 08:00:00,,`2025-07-07 07:30:00,否,,,,下周一早上8点,,开始前半小时
用户:明天晚上9点直播答疑; 你:晚上9点已经被直播交流高级粉丝占了。直播答疑需要改个时间吗？; 用户:那把直播答疑改到明天晚上8点吧。; 你:明天晚上8点到晚上9点，有2个日程，直播答疑要换个时间吗？; 用户:把直播答疑改到后天晚上8点吧。; 你:没问题，持续多久啊？在哪儿开呀？; 用户:1小时，在腾讯会议开。,`2025-06-30 22:21:52,日程,直播,直播答疑,腾讯会议,,`2025-07-02 20:00:00,`2025-07-02 21:00:00,,否,,,,后天晚上8点,后天晚上9点,
用户:周日早上9点带猫绝育; 你:周日上午九点提醒你？; 用户:改成10点吧  ,`2025-06-30 22:20:26,日程,医疗,带猫绝育,,,`2025-07-06 10:00:00,,`2025-07-06 10:00:00,否,,,,周日上午10点,,周日上午10点
用户:周五晚上6点公司年会; 你:周五下午6点到晚上7点，有2个日程，公司年会要换个时间吗？; 用户:不用换时间，年会可以按时进行。  ; 你:OK，提前多久提醒你？; 用户:30分钟,`2025-06-30 22:22:53,日程,年会,公司年会,,,`2025-07-04 18:00:00,,`2025-07-04 17:30:00,否,,,,周五晚上6点,,周五晚上5点30分
用户:明天晚上8点线上培训; 你:晚上8点已经被线上培训占了。线上培训需要改个时间吗？; 用户:这个时间没问题，不需要调整。; 你:OK，啥时候提醒你？; 用户:明天晚上7点提醒我。  ,`2025-06-30 22:19:45,日程,培训,线上培训,,,`2025-07-01 20:00:00,,`2025-07-01 19:00:00,否,,,,明天晚上8点,,明天晚上7点
用户:周三下午5点接孩子; 你:周三下午五点提醒你？; 用户:好的  ,`2025-06-30 22:20:25,日程,外出,接孩子,,孩子,`2025-07-02 17:00:00,,`2025-07-02 17:00:00,否,,,,周三下午5点,,周三下午5点
用户:下周五晚上6点部门聚餐; 你:下午6点已经被部门聚餐占了。部门聚餐需要改个时间吗？; 用户:要不改成下周五晚上7点吧，这样大家下班后能更放松地参加。  ; 你:好嘞，啥时候提醒你？; 用户:下周五晚上7点提醒我  ; 你:好的，能说说持续多长时间吗？; 用户:大概持续2小时左右。  ,`2025-06-30 22:20:54,日程,聚会,部门聚餐,,,`2025-07-11 19:00:00,`2025-07-11 21:00:00,`2025-07-11 19:00:00,否,,,,下周五晚上7点,下周五晚上9点,下周五晚上7点
用户:周六早上8点社区服务; 你:周六上午八点提醒你？; 用户:好的  ,`2025-06-30 22:21:12,日程,服务,社区服务,,,`2025-07-05 08:00:00,,`2025-07-05 08:00:00,否,,,,周六早上8点,,周六早上8点
用户:明天中午11点美容护理; 你:明早11点提醒你哈？; 用户:好的，没问题。  ,`2025-06-30 22:21:56,日程,美容护理,美容护理,,,`2025-07-01 11:00:00,,`2025-07-01 11:00:00,否,,,,明早11点,,明早11点
用户:周四晚上7点家长会; 你:周四晚上7点半到晚上9点半已经有家长会了。家长会要换个时间吗？; 用户:家长会可以改到周五晚上7点吗？  ; 你:周五上午8点到晚上8点已经有行业展会了。家长会要换个时间吗？; 用户:周五晚上7点吧; 你:收到，会持续多长时间？在哪儿开会？; 用户:1小时，学校会议室,`2025-06-30 22:22:45,日程,会议,家长会,学校会议室,,`2025-07-04 19:00:00,`2025-07-04 20:00:00,,否,,,,周五晚上7点,周五晚上8点,
用户:下周一早上6点送机; 你:什么时间提醒你？; 用户:早上六点提醒我。  ,`2025-06-30 22:23:02,日程,出行,送机,,,`2025-07-07 06:00:00,,`2025-07-07 06:00:00,否,,,,下周一早上6点,,早上6点
用户:明天下午3点车辆年检; 你:明下午三点提醒你？; 用户:改成明天下午2点提醒吧  ,`2025-06-30 22:36:01,待办,交通,车辆年检,,,`2025-07-01 14:00:00,,`2025-07-01 14:00:00,否,,,,明天下午2点,,明天下午2点
用户:周三上午10点重要汇报; 你:周三上午10点到上午11点，有2个日程，重要汇报要换个时间吗？; 用户:这个时间段先空出来，我再想想怎么安排  ; 你:收到，提前多久提醒你？; 用户:30分钟,`2025-06-30 22:36:45,日程,,重要汇报,,,`2025-07-02 10:00:00,,`2025-07-02 09:30:00,否,,,,周三上午10点,,提前30分钟
用户:帮我记一下明天下午的客户会议; 你:好呀，啥时候开始？要多久啊？; 用户:改成明天上午十点可以吗？时长半小时就行。; 你:好嘞，在哪儿开呀？; 用户:客户公司会议室; 你:提前15分钟提醒你啊？; 用户:改成提前30分钟吧。  ,`2025-06-30 22:37:13,日程,会议,客户会议,客户公司会议室,,`2025-07-01 10:00:00,`2025-07-01 10:30:00,`2025-07-01 09:30:00,否,,,,明天上午十点,明天上午十点半,明天上午九点半
用户:提醒我今晚健身; 你:好嘞，大概几点提醒你？; 用户:晚上7点半; 你:开始时间已经过去了，重说一下呗; 用户:好的，那改成明天晚上7点半吧。,`2025-06-30 22:38:03,待办,运动,健身,,,`2025-07-01 19:30:00,,`2025-07-01 19:30:00,否,,,,明天晚上7点半,,明天晚上7点半
用户:记下下周要出差; 你:没问题，啥时候提醒你？; 用户:下周二晚上7点提醒我准备行李  ,`2025-06-30 22:39:02,待办,差旅,准备行李,,,`2025-07-08 19:00:00,,`2025-07-08 19:00:00,否,,,,下周二晚上7点,,下周二晚上7点
